district_name,market_name,commodity_name,variety,datetime,tempmax,tempmin,temp,dew,humidity,precip,windspeed,solarradiation,uvindex,min_price,max_price,modal_price
Alappuzha,Alappuzha,Banana - Green,Other,01-01-2010,89.7,75.8,83.3,71.9,69.4,0,9.4,289.5,9,2100,2200,2150
Alappuzha,Alappuzha,Banana - Green,Other,02-01-2010,89.3,77.3,82.7,71.4,69.6,0,12.8,254.1,9,,,
Alappuzha,Alappuzha,Banana - Green,Other,03-01-2010,89.3,77.1,82,70.3,68.6,0,16.1,213.8,8,,,
Alappuzha,Alappuzha,Banana - Green,Other,04-01-2010,89,77.1,81.7,70.6,69.6,0,11.4,235,8,,,
Alappuzha,Alappuzha,Banana - Green,Other,05-01-2010,87.9,77.1,81.3,70.6,70.4,0,11.4,228.3,8,2100,2200,2150
Alappuzha,Alappuzha,Banana - Green,Other,06-01-2010,88.1,77.1,81.8,67.8,63.8,0.012,10.5,252.3,9,,,
Alappuzha,Alappuzha,Banana - Green,Other,07-01-2010,88.4,76.4,81.3,70,69.4,0,16.1,246.7,9,,,
Alappuzha,Alappuzha,Banana - Green,Other,08-01-2010,89,76.7,81.6,72.1,73.2,0,13.9,192.3,8,2100,2200,2150
Alappuzha,Alappuzha,Banana - Green,Other,09-01-2010,87.9,77.1,82.6,73.1,73.5,0.339,12.8,214.2,8,,,
Alappuzha,Alappuzha,Banana - Green,Other,10-01-2010,84.5,78.2,80.6,73.6,79.4,0.939,14.1,101.5,3,,,
Alappuzha,Alappuzha,Banana - Green,Other,11-01-2010,89.7,75.5,81.4,73.3,77.2,0.092,13.4,248.8,9,,,
Alappuzha,Alappuzha,Banana - Green,Other,12-01-2010,89.3,77.1,81.7,74.1,78.2,1.181,15,259.5,9,2200,2300,2250
Alappuzha,Alappuzha,Banana - Green,Other,13-01-2010,87.2,76.4,80.8,74.7,81.9,0.036,13.9,171.5,6,,,
Alappuzha,Alappuzha,Banana - Green,Other,14-01-2010,88.4,77.6,82.2,74.8,78.8,0.118,11.4,238.4,8,,,
Alappuzha,Alappuzha,Banana - Green,Other,15-01-2010,88.4,78.3,82.4,73,74,0,15.9,267.1,9,,,
Alappuzha,Alappuzha,Banana - Green,Other,16-01-2010,87.9,75.3,81.4,69.5,68,0,14.3,268.4,9,,,
Alappuzha,Alappuzha,Banana - Green,Other,17-01-2010,89,75.5,82.2,70.1,67.6,0,16.1,236.6,8,,,
Alappuzha,Alappuzha,Banana - Green,Other,18-01-2010,89.9,74.6,81.9,67.9,63.8,0,15,252.5,9,,,
Alappuzha,Alappuzha,Banana - Green,Other,19-01-2010,89.9,75.3,82.2,70.5,68.5,0,11.4,260.7,9,2200,2300,2250
Alappuzha,Alappuzha,Banana - Green,Other,20-01-2010,87.2,77.1,81.6,71.2,71.3,0,13.9,260.7,9,,,
Alappuzha,Alappuzha,Banana - Green,Other,21-01-2010,89.3,77.1,81.5,70.5,70.3,0.157,16.1,258.2,9,,,
Alappuzha,Alappuzha,Banana - Green,Other,22-01-2010,87.9,76.4,80.9,70.4,70.9,0,13.2,259.5,9,,,
Alappuzha,Alappuzha,Banana - Green,Other,23-01-2010,88.1,75.3,80.4,68.8,68.6,0,13.9,258.4,9,,,
Alappuzha,Alappuzha,Banana - Green,Other,24-01-2010,86.3,75.3,80.6,68.2,67,0,14.5,270.4,9,,,
Alappuzha,Alappuzha,Banana - Green,Other,25-01-2010,87.9,75.8,80.8,68.3,66.5,0,11.4,264.4,9,,,
Alappuzha,Alappuzha,Banana - Green,Other,26-01-2010,87.9,75.3,81.1,69.9,69.3,0,13.9,266.1,9,,,
Alappuzha,Alappuzha,Banana - Green,Other,27-01-2010,88.1,78,82,70.1,68.2,0,11.4,277.5,9,2100,2200,2150
Alappuzha,Alappuzha,Banana - Green,Other,28-01-2010,91.5,76.7,82.6,70.4,67.7,0,13.9,224.4,9,,,
Alappuzha,Alappuzha,Banana - Green,Other,29-01-2010,89.3,76.4,82.4,70.3,67.7,0,13.9,245.2,9,,,
Alappuzha,Alappuzha,Banana - Green,Other,30-01-2010,89.3,76.4,82.5,68,63,0,11.4,221.1,8,2100,2200,2150
Alappuzha,Alappuzha,Banana - Green,Other,31-01-2010,89,76.7,81.9,70.9,69.9,0,13.9,219.3,8,,,
Alappuzha,Alappuzha,Banana - Green,Other,01-02-2010,89.3,77.6,82.9,70.8,67.8,0,13.9,241.3,9,,,
Alappuzha,Alappuzha,Banana - Green,Other,02-02-2010,89.7,77.1,82.7,70.3,67,0,16.1,254.8,9,,,
Alappuzha,Alappuzha,Banana - Green,Other,03-02-2010,89,77.1,82.5,68.5,64.1,0,15,254.5,9,2100,2200,2150
Alappuzha,Alappuzha,Banana - Green,Other,04-02-2010,89.3,76.4,82.4,66.1,59,0,16.1,271.7,10,,,
Alappuzha,Alappuzha,Banana - Green,Other,05-02-2010,89,75.3,82.2,68.5,63.9,0,16.1,266.4,9,,,
Alappuzha,Alappuzha,Banana - Green,Other,06-02-2010,89.3,74.9,81.9,67.1,62.6,0,15.2,285.3,10,,,
Alappuzha,Alappuzha,Banana - Green,Other,07-02-2010,89.3,74,81,65.5,60.7,0,16.1,289,10,,,
Alappuzha,Alappuzha,Banana - Green,Other,08-02-2010,89,69.7,80.9,68.2,66,0,17.2,272.5,9,2100,2200,2150
Alappuzha,Alappuzha,Banana - Green,Other,09-02-2010,88.4,76.4,81.7,70.5,69.7,0,16.1,262,9,1900,2000,1950
Alappuzha,Alappuzha,Banana - Green,Other,10-02-2010,90.2,78.5,81.9,72,72.3,0,13.9,246.2,8,,,
Alappuzha,Alappuzha,Banana - Green,Other,11-02-2010,87.5,80.1,82.7,72.5,71.7,0.016,10.7,244.3,9,1900,1950,1925
Alappuzha,Alappuzha,Banana - Green,Other,12-02-2010,90.2,78.2,83.8,72.2,69,0,13.9,269.7,9,,,
Alappuzha,Alappuzha,Banana - Green,Other,13-02-2010,90.2,77.7,83.1,73.8,74,0.008,13.9,236.8,9,,,
Alappuzha,Alappuzha,Banana - Green,Other,14-02-2010,91.1,79.5,83.2,74.4,75.4,0.004,16.1,247.9,9,,,
Alappuzha,Alappuzha,Banana - Green,Other,15-02-2010,89.7,79.2,83.7,72.5,69.9,0,17.2,292.1,10,1900,2000,1950
Alappuzha,Alappuzha,Banana - Green,Other,16-02-2010,90.2,79.4,83.4,72.1,69.5,0,18.3,292.3,10,1800,1900,1850
Alappuzha,Alappuzha,Banana - Green,Other,17-02-2010,91.7,80.7,84.3,72.9,69.2,0,13.9,262.1,9,,,
Alappuzha,Alappuzha,Banana - Green,Other,18-02-2010,89.3,80.7,83.6,74.9,75.4,0,11.4,134.8,5,,,
Alappuzha,Alappuzha,Banana - Green,Other,19-02-2010,88.4,80,83.1,75.1,77.2,0,13.9,153.9,5,1600,1700,1650
Alappuzha,Alappuzha,Banana - Green,Other,20-02-2010,89.3,80.3,83.6,71.8,68.9,0,18.3,207,7,,,
Alappuzha,Alappuzha,Banana - Green,Other,21-02-2010,90.2,79.4,84.2,72.6,68.8,0,16.1,292.1,10,,,
Alappuzha,Alappuzha,Banana - Green,Other,22-02-2010,90.2,80.3,84.3,74.8,73.6,0,16.1,290.9,10,1600,1700,1650
Alappuzha,Alappuzha,Banana - Green,Other,23-02-2010,89,80.5,83.3,74.9,76.1,0,16.1,291.4,10,,,
Alappuzha,Alappuzha,Banana - Green,Other,24-02-2010,89.9,80.3,83.6,74.6,74.2,0,15,281.6,10,,,
Alappuzha,Alappuzha,Banana - Green,Other,25-02-2010,90.2,80.7,83.6,75.2,76.1,0,16.1,277.7,9,1600,1700,1650
Alappuzha,Alappuzha,Banana - Green,Other,26-02-2010,89.7,80.7,83.8,75.2,75.9,0,16.1,270.3,9,1600,1700,1650
Alappuzha,Alappuzha,Banana - Green,Other,27-02-2010,90.2,79.4,84.5,75.3,74.4,0,16.1,281.4,10,,,
Alappuzha,Alappuzha,Banana - Green,Other,28-02-2010,90.2,80.7,84.4,74.4,72.5,0,13.9,290.9,10,,,
Alappuzha,Alappuzha,Banana - Green,Other,01-03-2010,90.8,80.7,84.7,72.5,67.5,0,13.9,300,10,,,
Alappuzha,Alappuzha,Banana - Green,Other,02-03-2010,90.8,80,84.9,71.1,64.1,0,14.3,297.8,10,,,
Alappuzha,Alappuzha,Banana - Green,Other,03-03-2010,90.2,80.7,84.5,74.6,72.7,0,18.3,274.3,10,1600,1700,1650
Alappuzha,Alappuzha,Banana - Green,Other,04-03-2010,91.1,80.7,84,75.4,75.6,0,16.1,257.9,9,,,
Alappuzha,Alappuzha,Banana - Green,Other,05-03-2010,89.7,81.2,83.7,75.4,76.2,0,16.1,264.9,9,1100,1200,1150
Alappuzha,Alappuzha,Banana - Green,Other,06-03-2010,89.9,81.2,84.2,75.2,74.7,0,16.1,268.1,9,,,
Alappuzha,Alappuzha,Banana - Green,Other,07-03-2010,89.9,81.2,84.4,75.3,74.5,0,18.6,285.2,10,,,
Alappuzha,Alappuzha,Banana - Green,Other,08-03-2010,89.7,81.2,85.2,76.7,75.9,0,20.8,276.6,9,1100,1150,1125
Alappuzha,Alappuzha,Banana - Green,Other,09-03-2010,91.1,83,85.1,76.6,75.9,0,15,237.5,8,1100,1200,1150
Alappuzha,Alappuzha,Banana - Green,Other,10-03-2010,89.9,81.9,85.7,75.3,72,0,16.1,269.3,9,1100,1200,1150
Alappuzha,Alappuzha,Banana - Green,Other,11-03-2010,91.7,82.5,86.8,74.4,67.1,0,13.9,295.6,10,1100,1200,1150
Alappuzha,Alappuzha,Banana - Green,Other,12-03-2010,91.7,81.4,86.2,73.8,67.2,0,16.1,300.3,10,1250,1300,1275
Alappuzha,Alappuzha,Banana - Green,Other,13-03-2010,93.3,83,86.6,73.2,65.2,0,18.3,260.9,9,,,
Alappuzha,Alappuzha,Banana - Green,Other,14-03-2010,92,81.2,85.1,76,74.5,0,18.3,179.2,7,,,
Alappuzha,Alappuzha,Banana - Green,Other,15-03-2010,90.8,81.8,85.3,76.9,76.3,0,16.1,185.6,6,1100,1200,1150
Alappuzha,Alappuzha,Banana - Green,Other,16-03-2010,91.1,81.2,84.7,76.3,76.3,0.012,18.3,111.8,4,1250,1300,1275
Alappuzha,Alappuzha,Banana - Green,Other,17-03-2010,91.1,80.9,85.5,74.3,70,0.016,16.1,265.6,9,,,
Alappuzha,Alappuzha,Banana - Green,Other,18-03-2010,93.3,81.2,86.2,73.1,65.8,0,13.9,275.9,10,1400,1500,1450
Alappuzha,Alappuzha,Banana - Green,Other,19-03-2010,91.5,80.7,85.7,72.6,65.9,0,18.3,291.7,10,1600,1650,1625
Alappuzha,Alappuzha,Banana - Green,Other,20-03-2010,92.6,79.1,85.4,75,72.1,0,18.3,211.7,7,1600,1700,1650
Alappuzha,Alappuzha,Banana - Green,Other,21-03-2010,91.1,83.6,86.1,76.3,72.9,0,16.3,273.2,9,,,
Alappuzha,Alappuzha,Banana - Green,Other,22-03-2010,92.6,81.8,85.5,76.4,74.7,0.008,18.3,281.3,10,1600,1700,1650
Alappuzha,Alappuzha,Banana - Green,Other,23-03-2010,90.8,80.9,85.1,76.7,76.2,0.024,16.1,285.8,10,1950,2000,1975
Alappuzha,Alappuzha,Banana - Green,Other,24-03-2010,91.1,81.8,85,76.5,76,0.04,18.3,265.9,9,,,
Alappuzha,Alappuzha,Banana - Green,Other,25-03-2010,91.5,81.8,85.2,76.4,75.4,0.052,18.3,271.8,10,,,
Alappuzha,Alappuzha,Banana - Green,Other,26-03-2010,91.7,81.8,85,77,77.2,0.192,17.2,270.8,10,,,
Alappuzha,Alappuzha,Banana - Green,Other,27-03-2010,89.3,75.3,84.3,76.7,78.3,1.063,13.9,224.1,8,1600,1700,1650
Alappuzha,Alappuzha,Banana - Green,Other,28-03-2010,91.7,80.9,85.1,75.7,73.6,0.064,18.3,164,6,,,
Alappuzha,Alappuzha,Banana - Green,Other,29-03-2010,90.8,79.4,84.5,76.1,76.1,0.1,17.2,264.8,9,2100,2150,2125
Alappuzha,Alappuzha,Banana - Green,Other,30-03-2010,92,79.4,84.8,77.2,78.3,0.502,15,225.8,8,,,
Alappuzha,Alappuzha,Banana - Green,Other,31-03-2010,89.9,77.1,84.5,77.2,79.2,0.748,15,218.3,8,2100,2150,2125
Alappuzha,Alappuzha,Banana - Green,Other,01-04-2010,91.7,81.2,85.7,76.1,73.5,0.008,20.8,255.5,9,,,
Alappuzha,Alappuzha,Banana - Green,Other,02-04-2010,90.8,83.6,85.9,76.6,74.1,0.02,18.3,280,9,,,
Alappuzha,Alappuzha,Banana - Green,Other,03-04-2010,90.8,82.5,85.4,78,78.8,0.036,13.9,141.4,5,2100,2200,2150
Alappuzha,Alappuzha,Banana - Green,Other,04-04-2010,90.8,80.7,84.8,77.6,79.1,0.079,16.1,221.1,8,,,
Alappuzha,Alappuzha,Banana - Green,Other,05-04-2010,90.8,77.1,83.6,77.3,81.9,0.433,15,114.2,3,2100,2200,2150
Alappuzha,Alappuzha,Banana - Green,Other,06-04-2010,91.1,77.3,84.1,76.3,78.1,0.433,16.1,171.4,6,2100,2200,2150
Alappuzha,Alappuzha,Banana - Green,Other,07-04-2010,90.8,79.1,85.5,76.4,74.8,0.118,16.1,147.2,5,1800,1900,1850
Alappuzha,Alappuzha,Banana - Green,Other,08-04-2010,90.8,76.4,84.6,76.3,76.7,1.693,13.9,130.2,4,1800,1900,1850
Alappuzha,Alappuzha,Banana - Green,Other,09-04-2010,90.8,77.1,85,77.8,79.3,0.016,18.3,173.6,6,1800,1900,1850
Alappuzha,Alappuzha,Banana - Green,Other,10-04-2010,91.7,82.5,85.4,78.3,79.8,0.02,20.8,154.8,5,,,
Alappuzha,Alappuzha,Banana - Green,Other,11-04-2010,91.7,82.7,85.9,78.5,79.1,0,16.1,195.7,7,,,
Alappuzha,Alappuzha,Banana - Green,Other,12-04-2010,91.5,84.1,85.7,79.1,80.8,0,15,136.7,5,1800,1900,1850
Alappuzha,Alappuzha,Banana - Green,Other,13-04-2010,90.8,82.5,85.4,78.5,80.1,0.197,18.3,151.3,5,,,
Alappuzha,Alappuzha,Banana - Green,Other,14-04-2010,91.1,80,85.2,78.1,79.7,0,13.2,109,4,,,
Alappuzha,Alappuzha,Banana - Green,Other,15-04-2010,91.1,77.1,85.3,78.7,80.8,0.157,13.9,140.8,5,,,
Alappuzha,Alappuzha,Banana - Green,Other,16-04-2010,91.5,77.6,83.8,77.1,80.7,0.024,16.1,120.1,4,,,
Alappuzha,Alappuzha,Banana - Green,Other,17-04-2010,91.5,77.3,83.7,76.7,79.8,0.02,17.2,104.7,4,,,
Alappuzha,Alappuzha,Banana - Green,Other,18-04-2010,91.5,77.3,84.2,76.9,79.1,0.156,15,130.9,5,,,
Alappuzha,Alappuzha,Banana - Green,Other,19-04-2010,91.1,80.7,84.9,77.7,79.6,0.096,13.9,97.7,3,,,
Alappuzha,Alappuzha,Banana - Green,Other,20-04-2010,92,77.1,84.6,78,80.9,0.315,17.2,142.1,5,,,
Alappuzha,Alappuzha,Banana - Green,Other,21-04-2010,90.8,77.1,84.6,77.3,79.1,0.104,15.2,151,5,,,
Alappuzha,Alappuzha,Banana - Green,Other,22-04-2010,91.1,79.1,85.6,77.7,77.7,0.079,18.3,250.5,9,,,
Alappuzha,Alappuzha,Banana - Green,Other,23-04-2010,92,79.1,85.2,78,79.5,0.039,15,157.9,6,,,
Alappuzha,Alappuzha,Banana - Green,Other,24-04-2010,91.1,79.1,85.4,77.7,78.1,0.152,9.4,149.5,5,,,
Alappuzha,Alappuzha,Banana - Green,Other,25-04-2010,91.1,77.3,84.5,77.9,80.8,1.11,23,119.4,4,,,
Alappuzha,Alappuzha,Banana - Green,Other,26-04-2010,91.1,75.3,84.4,76.5,78,0.63,16.1,238.9,8,,,
Alappuzha,Alappuzha,Banana - Green,Other,27-04-2010,95.1,77.3,84.6,76.4,77,0.157,13.9,223.2,7,,,
Alappuzha,Alappuzha,Banana - Green,Other,28-04-2010,91.1,76.4,84.1,77,79.9,0.591,16.1,149.1,5,,,
Alappuzha,Alappuzha,Banana - Green,Other,29-04-2010,92.6,77.1,84.6,77.4,79.7,0.039,13.9,158.3,6,,,
Alappuzha,Alappuzha,Banana - Green,Other,30-04-2010,91.5,75.3,85.1,78,79.9,0.294,15,134.8,5,,,
Alappuzha,Alappuzha,Banana - Green,Other,01-05-2010,90.8,75.3,84.8,77,78.1,2.598,9.2,163.3,5,,,
Alappuzha,Alappuzha,Banana - Green,Other,02-05-2010,91.1,79.1,84.9,76.7,76.7,0.036,15,115.5,4,,,
Alappuzha,Alappuzha,Banana - Green,Other,03-05-2010,91.5,79.1,86,77.7,76.7,0.044,16.1,148.6,6,,,
Alappuzha,Alappuzha,Banana - Green,Other,04-05-2010,91.5,81.2,86.2,78.2,77.4,0.197,16.1,186.8,6,1650,1700,1675
Alappuzha,Alappuzha,Banana - Green,Other,05-05-2010,90.8,82.1,86.4,78,76.2,0,13.9,220.7,7,1650,1700,1675
Alappuzha,Alappuzha,Banana - Green,Other,06-05-2010,92,82.7,86.6,78.6,77.6,0.064,17.2,191.6,6,,,
Alappuzha,Alappuzha,Banana - Green,Other,07-05-2010,90.8,83.6,86.4,79,78.8,0.084,12.5,152.2,6,,,
Alappuzha,Alappuzha,Banana - Green,Other,08-05-2010,92,82.5,86.6,79.1,78.8,0.064,16.1,118.7,4,,,
Alappuzha,Alappuzha,Banana - Green,Other,09-05-2010,92,79.1,84.9,77.3,78.5,0.354,11.4,99.3,3,,,
Alappuzha,Alappuzha,Banana - Green,Other,10-05-2010,89.7,76.2,85.1,76.8,76.5,0.132,11.4,188,6,,,
Alappuzha,Alappuzha,Banana - Green,Other,11-05-2010,91.5,83.9,85.9,78.4,78.8,0.096,15,126.2,5,,,
Alappuzha,Alappuzha,Banana - Green,Other,12-05-2010,92.9,81.8,85.9,78.4,78.1,0.024,11.4,184.2,6,,,
Alappuzha,Alappuzha,Banana - Green,Other,13-05-2010,93.3,83.6,86.6,79.9,80.8,0,16.1,117,4,,,
Alappuzha,Alappuzha,Banana - Green,Other,14-05-2010,92,83.6,86.9,79.5,79,0,18.3,71.3,2,,,
Alappuzha,Alappuzha,Banana - Green,Other,15-05-2010,92.9,82.5,86.4,78.6,78,0,16.1,126.7,4,,,
Alappuzha,Alappuzha,Banana - Green,Other,16-05-2010,90.8,81.2,85.7,78.8,80.1,0.157,17.2,140.3,5,,,
Alappuzha,Alappuzha,Banana - Green,Other,17-05-2010,91.5,79.1,86.3,78.8,78.8,0.176,18.3,197.1,7,1850,1900,1875
Alappuzha,Alappuzha,Banana - Green,Other,18-05-2010,89,79.1,84.9,78.2,80.5,1.067,18.8,118.3,4,,,
Alappuzha,Alappuzha,Banana - Green,Other,19-05-2010,88.1,76.7,83.7,77.9,83,1.02,21.9,145.1,5,1900,2000,1950
Alappuzha,Alappuzha,Banana - Green,Other,20-05-2010,86.3,76.4,83.4,77.9,83.8,0.945,21.9,154.5,5,1900,2000,1950
Alappuzha,Alappuzha,Banana - Green,Other,21-05-2010,86.6,77.3,84.5,78.3,81.9,0.336,21.3,192.5,7,1900,2000,1950
Alappuzha,Alappuzha,Banana - Green,Other,22-05-2010,89,78.9,84.7,78.4,81.5,0.14,16.1,169.1,6,,,
Alappuzha,Alappuzha,Banana - Green,Other,23-05-2010,90.2,78.9,84.6,77.9,80.7,0.204,13.9,121.8,4,,,
Alappuzha,Alappuzha,Banana - Green,Other,24-05-2010,86.3,80.3,83.9,79,85.3,0.315,15.9,141.2,6,,,
Alappuzha,Alappuzha,Banana - Green,Other,25-05-2010,86.1,78.9,83.2,78.4,85.8,2.913,18.3,138.7,4,1900,2000,1950
Alappuzha,Alappuzha,Banana - Green,Other,26-05-2010,89.7,78.9,84.1,78.1,82.5,0.118,16.3,176.4,6,,,
Alappuzha,Alappuzha,Banana - Green,Other,27-05-2010,91.1,80.7,84.7,78.6,82.2,0.256,17.2,135.8,5,,,
Alappuzha,Alappuzha,Banana - Green,Other,28-05-2010,88.4,80.9,84.8,79.5,84.1,0.3,14.5,93.1,3,,,
Alappuzha,Alappuzha,Banana - Green,Other,29-05-2010,87.9,79.1,84.1,79.3,85.6,2.165,20.4,107.4,4,1900,2000,1950
Alappuzha,Alappuzha,Banana - Green,Other,30-05-2010,88.4,78.9,83.8,77.2,81,0.472,20.8,137.3,4,,,
Alappuzha,Alappuzha,Banana - Green,Other,31-05-2010,88.4,79.1,83.6,77.3,81.7,0.197,18.3,160.5,5,1900,2000,1950
Alappuzha,Alappuzha,Banana - Green,Other,01-06-2010,89,79.4,84.5,77.5,79.8,0.158,16.1,157.5,5,,,
Alappuzha,Alappuzha,Banana - Green,Other,02-06-2010,91.1,78.9,84.8,78.6,82.1,1.693,18.3,227.4,8,,,
Alappuzha,Alappuzha,Banana - Green,Other,03-06-2010,89.3,77.1,84.3,78.8,83.7,1.024,16.1,141,4,1900,2000,1950
Alappuzha,Alappuzha,Banana - Green,Other,04-06-2010,90.2,78.5,84.2,79.4,85.8,0.63,18.3,122.5,4,1900,2000,1950
Alappuzha,Alappuzha,Banana - Green,Other,05-06-2010,88.4,77.3,83.2,77,81.9,0.197,18.8,164.9,6,,,
Alappuzha,Alappuzha,Banana - Green,Other,06-06-2010,84.3,76.4,81.8,76.1,83.2,0.945,20.8,113.6,3,,,
Alappuzha,Alappuzha,Banana - Green,Other,07-06-2010,85.4,75.3,82.3,75.7,80.9,0.59,22.4,230.9,7,,,
Alappuzha,Alappuzha,Banana - Green,Other,08-06-2010,84.8,77.1,82.8,74.7,77,0.118,19.5,182.5,6,1900,2000,1950
Alappuzha,Alappuzha,Banana - Green,Other,09-06-2010,85.7,75.5,81.7,76.3,84,0.63,23.9,195.9,7,,,
Alappuzha,Alappuzha,Banana - Green,Other,10-06-2010,83.9,75,81.2,76.3,85.3,1.142,24.2,144.2,6,1900,2000,1950
Alappuzha,Alappuzha,Banana - Green,Other,11-06-2010,83.2,74.9,81.2,77.6,89.1,3.032,29.8,81.5,3,1850,1900,1875
Alappuzha,Alappuzha,Banana - Green,Other,12-06-2010,83.6,75.5,80.9,77.3,89.2,4.41,26.4,98.7,3,,,
Alappuzha,Alappuzha,Banana - Green,Other,13-06-2010,84.3,77.1,81.7,77.5,87.2,1.89,25.7,150.1,7,,,
Alappuzha,Alappuzha,Banana - Green,Other,14-06-2010,83.7,75.5,80.6,76.3,87.3,1.732,19.2,191.2,7,1900,2000,1950
Alappuzha,Alappuzha,Banana - Green,Other,15-06-2010,84.8,75.5,81.6,76.1,83.8,0.118,11.9,183,6,,,
Alappuzha,Alappuzha,Banana - Green,Other,16-06-2010,88.1,77.1,82.1,76.8,84.4,0.06,11.4,167.1,6,,,
Alappuzha,Alappuzha,Banana - Green,Other,17-06-2010,82.7,76.7,80.2,77,90.2,1.536,17.2,128.3,4,,,
Alappuzha,Alappuzha,Banana - Green,Other,18-06-2010,87.5,75.5,81.5,76.9,86.1,0.104,13.9,161.7,6,,,
Alappuzha,Alappuzha,Banana - Green,Other,19-06-2010,88.1,78.9,81.8,77.6,87.3,0.118,12.8,236.8,8,,,
Alappuzha,Alappuzha,Banana - Green,Other,20-06-2010,89,78.9,81.8,77.5,87.1,0.116,13.9,158.5,5,,,
Alappuzha,Alappuzha,Banana - Green,Other,21-06-2010,88.1,78.5,82.6,76.6,82.5,0.984,13.9,254.1,8,,,
Alappuzha,Alappuzha,Banana - Green,Other,22-06-2010,87.5,80.7,82.3,77.4,85.1,0.142,13.2,160.2,6,1700,1800,1750
Alappuzha,Alappuzha,Banana - Green,Other,23-06-2010,82.3,77.1,81.1,77,87.6,2.401,19.9,131,5,,,
Alappuzha,Alappuzha,Banana - Green,Other,24-06-2010,82.7,75.3,80,74.9,84.8,3.425,21.7,157.2,5,,,
Alappuzha,Alappuzha,Banana - Green,Other,25-06-2010,83.9,73.5,80.8,76.3,86.5,0.748,21.7,175.7,7,,,
Alappuzha,Alappuzha,Banana - Green,Other,26-06-2010,89,74.9,81.1,77,87.5,0.433,17.7,216.3,7,,,
Alappuzha,Alappuzha,Banana - Green,Other,27-06-2010,83.9,73.7,81.3,78.1,90.2,1.22,14.5,194,7,,,
Alappuzha,Alappuzha,Banana - Green,Other,28-06-2010,86.1,75.8,81.1,78.3,91.2,2.086,17.2,153.7,5,,,
Alappuzha,Alappuzha,Banana - Green,Other,29-06-2010,88.1,75.3,81.7,76.9,85.7,1.338,16.1,181.4,7,1800,1900,1850
Alappuzha,Alappuzha,Banana - Green,Other,30-06-2010,84.8,73.5,80.7,75.3,83.9,1.299,19.9,159.7,5,,,
Alappuzha,Alappuzha,Banana - Green,Other,01-07-2010,81.8,74,79.3,74.1,84.7,0.904,18.3,200.2,7,,,
Alappuzha,Alappuzha,Banana - Green,Other,02-07-2010,86.3,73.7,80.8,75.1,83.3,0.184,14.5,273.9,9,,,
Alappuzha,Alappuzha,Banana - Green,Other,03-07-2010,83.9,77.1,81,76.4,86,0.709,16.1,269.9,9,,,
Alappuzha,Alappuzha,Banana - Green,Other,04-07-2010,85.7,76.7,80.5,76.3,87.2,1.93,12.3,198.9,7,,,
Alappuzha,Alappuzha,Banana - Green,Other,05-07-2010,82.7,75.3,80.1,75.6,86.5,2.046,18.6,257.4,9,,,
Alappuzha,Alappuzha,Banana - Green,Other,06-07-2010,82.8,75.3,80.6,75.5,84.6,0.787,17.2,177.9,6,1900,2000,1950
Alappuzha,Alappuzha,Banana - Green,Other,07-07-2010,85.4,77.3,81.3,76.2,84.9,0.096,14.8,208,7,,,
Alappuzha,Alappuzha,Banana - Green,Other,08-07-2010,88.4,75.3,81.5,75.4,82.1,0.118,14.8,120,4,,,
Alappuzha,Alappuzha,Banana - Green,Other,09-07-2010,84.8,76.7,80.4,75.5,85.4,1.811,18.3,144.3,5,,,
Alappuzha,Alappuzha,Banana - Green,Other,10-07-2010,91.1,76.4,81,76.1,85.4,0.052,16.1,238.3,9,,,
Alappuzha,Alappuzha,Banana - Green,Other,11-07-2010,88.1,78.9,81.5,77,86.5,0.048,15,252.2,8,,,
Alappuzha,Alappuzha,Banana - Green,Other,12-07-2010,89.9,78.9,81.2,76.8,86.7,0.02,18.3,192.7,7,,,
Alappuzha,Alappuzha,Banana - Green,Other,13-07-2010,89.7,77.6,80.6,76,86.4,0.136,11.6,169.8,6,,,
Alappuzha,Alappuzha,Banana - Green,Other,14-07-2010,87.2,75.8,81.2,75,81.8,0.512,16.3,256.4,8,,,
Alappuzha,Alappuzha,Banana - Green,Other,15-07-2010,86.6,79.1,80.9,75.9,84.8,0.354,18.6,185.1,6,,,
Alappuzha,Alappuzha,Banana - Green,Other,16-07-2010,81.8,74.9,79.6,75.5,87.6,2.598,21.7,148.4,5,,,
Alappuzha,Alappuzha,Banana - Green,Other,17-07-2010,84.3,74.6,79.8,76,88.5,0.354,20.4,114.1,4,,,
Alappuzha,Alappuzha,Banana - Green,Other,18-07-2010,81.9,74.6,79.8,76.2,89.1,2.637,21.7,216.2,7,,,
Alappuzha,Alappuzha,Banana - Green,Other,19-07-2010,80,75.5,78.6,75.1,89.1,1.457,25.3,130.6,4,,,
Alappuzha,Alappuzha,Banana - Green,Other,20-07-2010,83.6,74.9,79.3,75.8,89.4,0.708,18.3,139.2,5,1900,1950,1925
Alappuzha,Alappuzha,Banana - Green,Other,21-07-2010,86.6,75.3,79.6,76.7,90.8,0.944,14.8,121.5,4,,,
Alappuzha,Alappuzha,Banana - Green,Other,22-07-2010,88.4,74.1,80.1,76.2,88.2,0.354,15.2,196.9,8,1900,2000,1950
Alappuzha,Alappuzha,Banana - Green,Other,23-07-2010,89,74.9,79.5,76.1,89.3,0.236,14.1,151.1,5,2200,2300,2250
Alappuzha,Alappuzha,Banana - Green,Other,24-07-2010,89.3,74.9,80,75.2,85.7,0.354,18.8,149.2,5,,,
Alappuzha,Alappuzha,Banana - Green,Other,25-07-2010,87.9,75.5,80.5,76.1,86.6,0.709,14.3,185.3,7,,,
Alappuzha,Alappuzha,Banana - Green,Other,26-07-2010,88.4,73.5,80.3,75.8,86.1,0.709,16.3,175.5,6,,,
Alappuzha,Alappuzha,Banana - Green,Other,27-07-2010,88.1,73.5,79.9,75.5,86.9,0.866,18.6,193.4,7,2550,2650,2600
Alappuzha,Alappuzha,Banana - Green,Other,28-07-2010,83,74,78.9,75.1,88.3,1.457,20.4,127,4,2550,2650,2600
Alappuzha,Alappuzha,Banana - Green,Other,29-07-2010,84.8,74,78.4,74.5,88.1,1.613,21.7,188.1,7,,,
Alappuzha,Alappuzha,Banana - Green,Other,30-07-2010,86.6,72.8,79.3,75.3,87.9,0.118,17.2,246.5,9,,,
Alappuzha,Alappuzha,Banana - Green,Other,31-07-2010,87.9,75.8,80.2,75.5,86,0.036,13.2,246.9,8,,,
Alappuzha,Alappuzha,Banana - Green,Other,01-08-2010,89.3,75.3,80.7,76,86.1,0.016,13.9,227.9,8,,,
Alappuzha,Alappuzha,Banana - Green,Other,02-08-2010,85.4,78.3,80,76.1,88,0.076,13.9,184.9,6,,,
Alappuzha,Alappuzha,Banana - Green,Other,03-08-2010,88.1,75.3,79.8,76.9,91,1.259,17.9,131.5,5,,,
Alappuzha,Alappuzha,Banana - Green,Other,04-08-2010,82.1,71.7,79.3,76.4,90.9,0.827,16.1,137.1,4,,,
Alappuzha,Alappuzha,Banana - Green,Other,05-08-2010,87.2,75.3,80.5,77,89.5,0.236,16.1,133.2,5,,,
Alappuzha,Alappuzha,Banana - Green,Other,06-08-2010,87.2,76.7,80.8,77.4,89.7,0.26,17,175.8,6,,,
Alappuzha,Alappuzha,Banana - Green,Other,07-08-2010,87.5,75.5,81.5,77.3,87.1,0.331,13.9,181.1,6,,,
Alappuzha,Alappuzha,Banana - Green,Other,08-08-2010,83,79.1,80.8,77.7,90.1,0.315,18.3,148.4,5,,,
Alappuzha,Alappuzha,Banana - Green,Other,09-08-2010,87.5,77.6,81.3,77.2,87.6,0.024,16.1,151.2,5,,,
Alappuzha,Alappuzha,Banana - Green,Other,10-08-2010,89,77.6,81.5,77.1,86.9,0.028,17.2,190.8,7,,,
Alappuzha,Alappuzha,Banana - Green,Other,11-08-2010,86.6,79.4,81.2,76.9,86.9,0.092,18.3,210.1,7,,,
Alappuzha,Alappuzha,Banana - Green,Other,12-08-2010,84.8,76.9,80.3,76.2,87.6,0.304,19.5,222,7,,,
Alappuzha,Alappuzha,Banana - Green,Other,13-08-2010,84.5,76.4,80,76.2,88.2,0.118,19.9,230.8,8,,,
Alappuzha,Alappuzha,Banana - Green,Other,14-08-2010,87.9,75.8,80.1,75.6,86.4,0.433,20.4,125.2,5,,,
Alappuzha,Alappuzha,Banana - Green,Other,15-08-2010,84.3,75.8,79.5,76.4,90.5,0.748,21.9,139.5,5,,,
Alappuzha,Alappuzha,Banana - Green,Other,16-08-2010,84.8,73.7,79,75.7,89.8,1.102,22.6,184.1,7,,,
Alappuzha,Alappuzha,Banana - Green,Other,17-08-2010,82.7,72.2,78.8,75.3,89.4,0.59,24.8,206.9,7,3200,3300,3250
Alappuzha,Alappuzha,Banana - Green,Other,18-08-2010,84.3,75.3,78.8,75.6,89.8,0.118,16.8,140.5,5,,,
Alappuzha,Alappuzha,Banana - Green,Other,19-08-2010,84.5,74.9,78.9,75.5,89.4,0.016,15,163.3,6,,,
Alappuzha,Alappuzha,Banana - Green,Other,20-08-2010,83.6,75.5,79.1,75.9,90,0.024,12.3,186.9,7,,,
Alappuzha,Alappuzha,Banana - Green,Other,21-08-2010,80.7,76.4,78.1,74.8,90,0.354,12.8,203.9,7,,,
Alappuzha,Alappuzha,Banana - Green,Other,22-08-2010,85.4,75.8,78.8,75.2,88.9,9.965,17.2,179.5,6,,,
Alappuzha,Alappuzha,Banana - Green,Other,23-08-2010,83.9,75.3,78.5,75.1,89.5,0.072,18.6,145.6,5,,,
Alappuzha,Alappuzha,Banana - Green,Other,24-08-2010,80.3,77.1,78.1,75.1,90.8,0.236,23,179.3,6,,,
Alappuzha,Alappuzha,Banana - Green,Other,25-08-2010,80.3,74.9,77.7,75,91.6,0.472,17.9,199.6,7,,,
Alappuzha,Alappuzha,Banana - Green,Other,26-08-2010,79.4,73.5,77.4,75,92.1,0.039,18.8,147.4,5,,,
Alappuzha,Alappuzha,Banana - Green,Other,27-08-2010,84.3,74,78.3,75,89.9,0.394,15.7,247.8,9,,,
Alappuzha,Alappuzha,Banana - Green,Other,28-08-2010,80.3,75.3,78.2,76.1,93.3,0.747,11.6,210.5,8,,,
Alappuzha,Alappuzha,Banana - Green,Other,29-08-2010,84.3,75.3,78.8,76.6,92.9,0.196,13.6,120.8,4,,,
Alappuzha,Alappuzha,Banana - Green,Other,30-08-2010,79.4,74.6,77.4,74.7,91.5,0.354,17.2,121.5,4,,,
Alappuzha,Alappuzha,Banana - Green,Other,31-08-2010,87.5,74.6,79.3,74.6,86,0.016,13.9,170.8,6,,,
Alappuzha,Alappuzha,Banana - Green,Other,01-09-2010,86.1,77.3,80.1,75.2,85.3,0,15,285.7,10,,,
Alappuzha,Alappuzha,Banana - Green,Other,02-09-2010,85.4,77.6,80.3,75.4,85.2,0,15.2,276,10,,,
Alappuzha,Alappuzha,Banana - Green,Other,03-09-2010,84.3,78.5,79.9,76.3,88.7,0,15,180.8,6,,,
Alappuzha,Alappuzha,Banana - Green,Other,04-09-2010,83.9,77.1,80,76.4,88.9,0.016,11.4,169.4,6,,,
Alappuzha,Alappuzha,Banana - Green,Other,05-09-2010,85.7,77.6,80.1,76,86.9,0.008,11.4,238.2,8,,,
Alappuzha,Alappuzha,Banana - Green,Other,06-09-2010,86.6,76.7,80.3,75.4,85.4,0.016,17.2,269.6,9,,,
Alappuzha,Alappuzha,Banana - Green,Other,07-09-2010,83.6,76.7,79.8,76,88.1,0.197,14.3,215.7,7,,,
Alappuzha,Alappuzha,Banana - Green,Other,08-09-2010,83,75.8,79.9,75.6,87,0.669,13.6,189.5,7,,,
Alappuzha,Alappuzha,Banana - Green,Other,09-09-2010,85.7,77.1,80.4,76,86.7,0.629,16.1,175.9,6,,,
Alappuzha,Alappuzha,Banana - Green,Other,10-09-2010,80.5,74.6,78.7,76.2,92.1,2.048,17.2,131.5,5,,,
Alappuzha,Alappuzha,Banana - Green,Other,11-09-2010,85.7,75.3,80.1,74.7,84.3,0.168,13.9,219.7,7,,,
Alappuzha,Alappuzha,Banana - Green,Other,12-09-2010,84.8,78.2,80.7,75.9,85.4,0.076,13.9,227.5,8,,,
Alappuzha,Alappuzha,Banana - Green,Other,13-09-2010,87.5,76.7,80.3,75.9,86.6,0.252,17.2,181.4,7,,,
Alappuzha,Alappuzha,Banana - Green,Other,14-09-2010,82.5,75.3,79.1,74.4,85.6,0.654,13,174.1,7,,,
Alappuzha,Alappuzha,Banana - Green,Other,15-09-2010,83,75.5,79.3,75.1,87.2,0.59,13.4,225.2,8,,,
Alappuzha,Alappuzha,Banana - Green,Other,16-09-2010,86.1,75.3,79.8,75.4,86.7,0.976,15,186.7,6,,,
Alappuzha,Alappuzha,Banana - Green,Other,17-09-2010,85.7,75.5,80.3,76.4,88,0.322,15.4,117.7,4,,,
Alappuzha,Alappuzha,Banana - Green,Other,18-09-2010,83.9,78.2,79.9,75.5,86.6,2.874,16.3,220.2,8,,,
Alappuzha,Alappuzha,Banana - Green,Other,19-09-2010,84.8,75.8,80.2,75.5,85.7,0.024,13.9,202.5,7,,,
Alappuzha,Alappuzha,Banana - Green,Other,20-09-2010,86.3,76.4,80.3,75.3,84.8,0.489,15,211,7,,,
Alappuzha,Alappuzha,Banana - Green,Other,21-09-2010,84.8,74,80.1,75.1,85,0.747,12.8,223.4,7,,,
Alappuzha,Alappuzha,Banana - Green,Other,22-09-2010,87.2,74,79.9,74.9,84.9,0.367,13.9,140.1,5,1100,1200,1150
Alappuzha,Alappuzha,Banana - Green,Other,23-09-2010,86.3,77.1,80.1,76,87.6,1.023,10.3,124,5,,,
Alappuzha,Alappuzha,Banana - Green,Other,24-09-2010,80.7,73.5,79,75.5,89.1,7.362,12.3,153.6,5,,,
Alappuzha,Alappuzha,Banana - Green,Other,25-09-2010,89,75.8,81,75.4,83.3,0.116,11.4,257.9,9,,,
Alappuzha,Alappuzha,Banana - Green,Other,26-09-2010,86.6,75.3,81,76.3,85.9,0.236,11.4,214.3,7,,,
Alappuzha,Alappuzha,Banana - Green,Other,27-09-2010,87.9,75.3,80.8,76.2,86,0.472,16.6,226.6,8,,,
Alappuzha,Alappuzha,Banana - Green,Other,28-09-2010,87.2,76.4,80.7,76.7,87.9,0.118,16.1,120.7,4,1100,1300,1200
Alappuzha,Alappuzha,Banana - Green,Other,29-09-2010,87.5,77.1,81,75.9,84.9,0.304,9.6,159.5,5,1100,1300,1200
Alappuzha,Alappuzha,Banana - Green,Other,30-09-2010,86.6,77.6,80.6,75,83.5,0.008,11.4,202.7,7,,,
Alappuzha,Alappuzha,Banana - Green,Other,01-10-2010,87.9,76.7,80.4,75.3,84.7,0.024,13.9,259.9,9,1100,1300,1200
Alappuzha,Alappuzha,Banana - Green,Other,02-10-2010,85.4,75.3,80.4,76.1,87,1.694,9.4,227.9,9,,,
Alappuzha,Alappuzha,Banana - Green,Other,03-10-2010,85.7,74.9,80,75.6,86.6,0.028,17.2,133.6,5,,,
Alappuzha,Alappuzha,Banana - Green,Other,04-10-2010,85.4,75.3,81.5,75.9,83.7,0.878,21.9,201,7,,,
Alappuzha,Alappuzha,Banana - Green,Other,05-10-2010,83,77.1,81.2,76.7,86.2,0.661,19.7,199.8,7,2300,2500,2400
Alappuzha,Alappuzha,Banana - Green,Other,06-10-2010,83,75.3,80.2,76.2,87.8,3.433,21.7,197.1,7,,,
Alappuzha,Alappuzha,Banana - Green,Other,07-10-2010,82.5,74.9,80.4,76,86.7,2.441,20.1,155.8,6,,,
Alappuzha,Alappuzha,Banana - Green,Other,08-10-2010,86.3,75.3,80.8,76.9,88.2,0.669,17.2,108.7,4,2300,2800,2550
Alappuzha,Alappuzha,Banana - Green,Other,09-10-2010,81.2,76.4,79.5,76.2,89.7,1.416,18.6,129.5,5,,,
Alappuzha,Alappuzha,Banana - Green,Other,10-10-2010,86.1,75.5,81.1,75.4,83,0.076,12.5,217,7,,,
Alappuzha,Alappuzha,Banana - Green,Other,11-10-2010,86.6,78.2,81.8,75.2,80.8,0.02,12.8,252,9,1200,1400,1300
Alappuzha,Alappuzha,Banana - Green,Other,12-10-2010,87.9,76.4,81.5,75.4,82.1,0.012,12.1,258,9,,,
Alappuzha,Alappuzha,Banana - Green,Other,13-10-2010,86.6,78.2,81.5,75.5,82.1,0.016,12.3,257.6,9,2300,2650,2450
Alappuzha,Alappuzha,Banana - Green,Other,14-10-2010,86.6,77.1,80.7,75.8,85.4,0.236,16.6,205.5,7,,,
Alappuzha,Alappuzha,Banana - Green,Other,15-10-2010,82.7,74,80.1,75.2,85.3,2.599,21,253,9,1200,1400,1300
Alappuzha,Alappuzha,Banana - Green,Other,16-10-2010,85.7,73.7,80.3,74.9,83.7,0.225,18.1,211.3,8,,,
Alappuzha,Alappuzha,Banana - Green,Other,17-10-2010,82.5,74.9,80.6,74.8,82.9,0.996,19.7,279,9,,,
Alappuzha,Alappuzha,Banana - Green,Other,18-10-2010,84.3,75.3,81.1,73.8,78.8,0.276,15.9,270.8,9,1200,1400,1300
Alappuzha,Alappuzha,Banana - Green,Other,19-10-2010,83.6,75.8,80.2,74.2,82,1.182,15,231.9,9,1200,1400,1300
Alappuzha,Alappuzha,Banana - Green,Other,20-10-2010,82.7,75.3,79.6,73.7,82.7,3.78,13.6,216.7,7,1200,1400,1300
Alappuzha,Alappuzha,Banana - Green,Other,21-10-2010,85.7,75.3,80.1,75,84.6,0.446,15.4,261.1,9,1200,1400,1300
Alappuzha,Alappuzha,Banana - Green,Other,22-10-2010,85.4,75.8,80.7,74.7,82.1,0.276,18.1,202.2,8,1200,1400,1300
Alappuzha,Alappuzha,Banana - Green,Other,23-10-2010,82.3,75.8,80.1,75.4,85.7,1.928,16.3,254,9,,,
Alappuzha,Alappuzha,Banana - Green,Other,24-10-2010,86.1,75.3,81,75.4,83.5,0.06,13.9,276.2,9,,,
Alappuzha,Alappuzha,Banana - Green,Other,25-10-2010,86.3,75.5,81,75.1,82.4,0.008,13,282.6,10,,,
Alappuzha,Alappuzha,Banana - Green,Other,26-10-2010,86.1,76.7,80.9,74.5,81.2,0,12.8,260.1,9,1200,1400,1300
Alappuzha,Alappuzha,Banana - Green,Other,27-10-2010,82.5,75.8,80,75.2,85.4,1.063,13.2,156.5,6,1200,1400,1300
Alappuzha,Alappuzha,Banana - Green,Other,28-10-2010,86.1,75.3,79.6,75,86,0.275,11.9,85.8,3,1200,1400,1300
Alappuzha,Alappuzha,Banana - Green,Other,29-10-2010,85.7,74,80.4,74.6,83,0.709,8.1,192.2,8,1200,1400,1300
Alappuzha,Alappuzha,Banana - Green,Other,30-10-2010,83,74.6,79.4,74.9,86.4,0.433,8.9,134.5,5,1200,1400,1300
Alappuzha,Alappuzha,Banana - Green,Other,31-10-2010,88.1,73.5,81.1,75.5,83.3,1.418,10.7,195.3,7,,,
Alappuzha,Alappuzha,Banana - Green,Other,01-11-2010,84.3,77.6,81.2,75.5,83.1,0.039,12.1,169.6,6,,,
Alappuzha,Alappuzha,Banana - Green,Other,02-11-2010,86.3,77.1,81.5,75.6,82.7,0.315,12.3,195,7,1200,1400,1300
Alappuzha,Alappuzha,Banana - Green,Other,03-11-2010,89.5,78.2,82.1,76.4,83.2,0.212,10.7,206.7,7,1200,1400,1300
Alappuzha,Alappuzha,Banana - Green,Other,04-11-2010,89.5,75.1,81.1,75.1,82.3,2.165,12.8,216.1,8,1200,1400,1300
Alappuzha,Alappuzha,Banana - Green,Other,05-11-2010,85.9,76.4,80.5,75,83.5,0.906,10.3,154.9,6,,,
Alappuzha,Alappuzha,Banana - Green,Other,06-11-2010,82.5,71.5,79,74.6,86.7,0.157,10.1,158.9,6,,,
Alappuzha,Alappuzha,Banana - Green,Other,07-11-2010,84.5,75.1,79.7,75.6,87.8,0.112,14.3,128.1,5,,,
Alappuzha,Alappuzha,Banana - Green,Other,08-11-2010,89.5,73.3,81.2,75.3,82.9,0.132,15.2,230.1,8,1200,1400,1300
Alappuzha,Alappuzha,Banana - Green,Other,09-11-2010,87.7,75.1,80.9,76.6,87.1,1.064,13.9,107.1,4,1200,1400,1300
Alappuzha,Alappuzha,Banana - Green,Other,10-11-2010,91.3,73.5,80.6,75.5,85.3,1.61,12.3,120,4,1200,1400,1300
Alappuzha,Alappuzha,Banana - Green,Other,11-11-2010,84.1,73.3,77.6,75.1,92.3,0.433,13.6,137.3,5,1000,1200,1100
Alappuzha,Alappuzha,Banana - Green,Other,12-11-2010,88.4,73.3,79.5,73.8,83.4,0.036,13.9,238,8,1000,1200,1100
Alappuzha,Alappuzha,Banana - Green,Other,13-11-2010,87.7,75.1,80.6,76.2,86.8,0.764,11.4,232.2,8,,,
Alappuzha,Alappuzha,Banana - Green,Other,14-11-2010,87.9,75.1,81.4,76,84.2,2.047,11.4,215,8,,,
Alappuzha,Alappuzha,Banana - Green,Other,15-11-2010,91.3,74.9,81.6,75.3,81.9,0.079,16.1,269.3,9,1200,1400,1300
Alappuzha,Alappuzha,Banana - Green,Other,16-11-2010,89.5,73.3,79.6,75.3,87.2,3.15,28.9,126.9,5,,,
Alappuzha,Alappuzha,Banana - Green,Other,17-11-2010,87,31.9,77.4,73.1,87.1,0.008,11.4,191.6,7,,,
Alappuzha,Alappuzha,Banana - Green,Other,18-11-2010,86.8,73.3,79.6,74.8,85.6,0.028,12.7,253.5,9,1200,1400,1300
Alappuzha,Alappuzha,Banana - Green,Other,19-11-2010,89.5,73.5,80.1,75.1,85.6,0.433,13.9,172.3,6,,,
Alappuzha,Alappuzha,Banana - Green,Other,20-11-2010,87.6,75.3,79.6,74.4,84.6,0.039,9.3,159.5,6,1200,1400,1300
Alappuzha,Alappuzha,Banana - Green,Other,21-11-2010,84.2,31.9,77.2,73.2,88,1.221,8.5,120,4,,,
Alappuzha,Alappuzha,Banana - Green,Other,22-11-2010,87.7,73.7,80.5,74.3,82,0.787,11.4,207.5,7,1000,1200,1100
Alappuzha,Alappuzha,Banana - Green,Other,23-11-2010,85.9,73.5,79.5,74.4,84.8,0.197,11.4,111.6,4,1000,1200,1100
Alappuzha,Alappuzha,Banana - Green,Other,24-11-2010,86.1,75.1,79.5,74.3,84.3,0.059,9.2,141.5,5,,,
Alappuzha,Alappuzha,Banana - Green,Other,25-11-2010,83.6,31.9,75.4,70.9,86.4,0.016,6.9,110.5,4,1000,1200,1100
Alappuzha,Alappuzha,Banana - Green,Other,26-11-2010,83.4,74.6,78.6,74,86.2,0.197,8.7,167.1,6,1000,1200,1100
Alappuzha,Alappuzha,Banana - Green,Other,27-11-2010,84.3,73.3,79,74.2,85.7,0.197,9.2,88.4,3,,,
Alappuzha,Alappuzha,Banana - Green,Other,28-11-2010,82.3,74.9,79.5,73.8,83,0.031,8.5,161.2,7,,,
Alappuzha,Alappuzha,Banana - Green,Other,29-11-2010,88.1,76.1,81.5,73.6,77.5,0.044,15,205.3,8,,,
Alappuzha,Alappuzha,Banana - Green,Other,30-11-2010,87.9,76.9,81.5,73.5,77.2,0.024,11,228.4,8,1000,1200,1100
Alappuzha,Alappuzha,Banana - Green,Other,01-12-2010,85,75.1,79.1,73.9,84.5,0.031,7.6,98.3,3,1000,1200,1100
Alappuzha,Alappuzha,Banana - Green,Other,02-12-2010,87.7,75,80,73.3,80.8,0.079,9.2,199.4,7,1000,1400,1200
Alappuzha,Alappuzha,Banana - Green,Other,03-12-2010,84.1,73.3,79,74.1,85.4,0.132,9.3,95.4,3,,,
Alappuzha,Alappuzha,Banana - Green,Other,04-12-2010,87.7,76.4,81.2,73.1,76.9,0.048,9.2,121.9,5,,,
Alappuzha,Alappuzha,Banana - Green,Other,05-12-2010,86.4,73.3,79.7,73.2,81.1,0.092,8.3,101,4,,,
Alappuzha,Alappuzha,Banana - Green,Other,06-12-2010,87.7,75,80.3,72.6,78,0.004,9.2,188.9,7,,,
Alappuzha,Alappuzha,Banana - Green,Other,07-12-2010,89.5,73.3,80.9,73.4,78.8,0.339,9.2,204.3,8,1000,1200,1100
Alappuzha,Alappuzha,Banana - Green,Other,08-12-2010,84.1,73.3,79.3,74.3,85,0.649,11.9,133.3,5,1000,1200,1100
Alappuzha,Alappuzha,Banana - Green,Other,09-12-2010,87.7,74.2,81.1,73.1,78.4,0.092,19.2,68.8,2,,,
Alappuzha,Alappuzha,Banana - Green,Other,10-12-2010,87.7,75.1,80.1,73.4,81.1,0.072,11.9,229,8,1200,1400,1300
Alappuzha,Alappuzha,Banana - Green,Other,11-12-2010,85.2,75.1,79,73.7,84,0.12,11.9,229.4,8,,,
Alappuzha,Alappuzha,Banana - Green,Other,12-12-2010,87.2,74.6,80,72.6,79,0.016,15.9,252.3,9,,,
Alappuzha,Alappuzha,Banana - Green,Other,13-12-2010,87.7,72.2,79.6,70.5,74.7,0,11.4,249,9,1000,1200,1100
Alappuzha,Alappuzha,Banana - Green,Other,14-12-2010,86.3,73.3,80.1,70.3,73,0,11.4,245.5,8,1000,1400,1200
Alappuzha,Alappuzha,Banana - Green,Other,15-12-2010,89.5,73.3,80.8,71.4,73.8,0.02,13.9,229.1,8,,,
Alappuzha,Alappuzha,Banana - Green,Other,16-12-2010,85.9,75.1,78.9,74,85.1,0.433,10.3,194.9,7,,,
Alappuzha,Alappuzha,Banana - Green,Other,17-12-2010,87.7,73.3,80,73.5,81.4,0.827,11.4,208.9,8,1000,1200,1100
Alappuzha,Alappuzha,Banana - Green,Other,18-12-2010,91.3,73.3,80.2,74.2,82.9,0.433,9.2,102.6,3,,,
Alappuzha,Alappuzha,Banana - Green,Other,19-12-2010,87.7,73.3,80.3,71.5,75.8,0.048,13.6,237.9,8,,,
Alappuzha,Alappuzha,Banana - Green,Other,20-12-2010,89.5,75.8,81.5,72.7,75.4,0,13.9,255.3,9,,,
Alappuzha,Alappuzha,Banana - Green,Other,21-12-2010,91.3,73.3,81.3,73.8,78.9,0.04,11.6,196.5,8,1000,1200,1100
Alappuzha,Alappuzha,Banana - Green,Other,22-12-2010,91.3,71.5,80.3,71.7,76.2,0.016,8.5,230.2,8,1000,1100,1050
Alappuzha,Alappuzha,Banana - Green,Other,23-12-2010,89.5,71.5,79.9,71,75.1,0,11.4,185.6,6,,,
Alappuzha,Alappuzha,Banana - Green,Other,24-12-2010,89.5,73.3,80.1,70.2,72.8,0,7.3,161.4,5,,,
Alappuzha,Alappuzha,Banana - Green,Other,25-12-2010,87,67.9,79,70.1,75,0,9.2,151.1,5,,,
Alappuzha,Alappuzha,Banana - Green,Other,26-12-2010,87.9,71.5,79.6,70.5,74.8,0,9.6,221.6,8,,,
Alappuzha,Alappuzha,Banana - Green,Other,27-12-2010,89.5,69.7,80.3,71.5,75.5,0,11.4,243.9,9,1200,1400,1300
Alappuzha,Alappuzha,Banana - Green,Other,28-12-2010,87.7,69.7,79.5,69.9,73.7,0,7.3,223.6,9,1200,1400,1300
Alappuzha,Alappuzha,Banana - Green,Other,29-12-2010,112.9,73.3,82.1,70.9,71,0.012,9.3,163.6,6,1200,1400,1300
Alappuzha,Alappuzha,Banana - Green,Other,30-12-2010,93.1,73.3,81,71.9,75.2,0.036,10.3,183.4,7,,,
Alappuzha,Alappuzha,Banana - Green,Other,31-12-2010,91.3,76.4,81.1,72.6,76.2,0.276,9.2,94.9,3,1000,1200,1100
Ernakulam,Ernakulam,Banana - Green,Other,01-01-2010,89.7,75.8,83.6,72.3,69.5,0,9.2,286.7,8,1800,1900,1850
Ernakulam,Ernakulam,Banana - Green,Other,02-01-2010,89.3,77.3,82.8,71.2,68.8,0,11.4,249.4,9,,,
Ernakulam,Ernakulam,Banana - Green,Other,03-01-2010,89.3,77.1,82,71.1,70.5,0,16.1,215.4,8,,,
Ernakulam,Ernakulam,Banana - Green,Other,04-01-2010,89,77.1,81.7,71.3,71.5,0,11.4,238,8,2000,2200,2100
Ernakulam,Ernakulam,Banana - Green,Other,05-01-2010,87.9,77.1,81.4,70.6,70.4,0,11.4,213.7,8,,,
Ernakulam,Ernakulam,Banana - Green,Other,06-01-2010,88.1,77.1,82.1,68.3,63.9,0,10.3,247.6,9,,,
Ernakulam,Ernakulam,Banana - Green,Other,07-01-2010,88.4,76.4,81.8,69.4,67,0,16.1,240.7,9,,,
Ernakulam,Ernakulam,Banana - Green,Other,08-01-2010,89,76.7,81.8,72.3,73.5,0,13.9,205.4,8,2000,2300,2200
Ernakulam,Ernakulam,Banana - Green,Other,09-01-2010,87.9,77.1,82.7,73.1,73.2,0.174,12.8,199.1,7,,,
Ernakulam,Ernakulam,Banana - Green,Other,10-01-2010,84.5,78.2,81.4,73.3,76.9,0.312,14.1,130.4,4,,,
Ernakulam,Ernakulam,Banana - Green,Other,11-01-2010,89.7,75.5,81.8,72.4,73.9,0.04,12.1,257.2,9,2000,2200,2100
Ernakulam,Ernakulam,Banana - Green,Other,12-01-2010,89.3,77.1,82.2,73.2,74.8,1.181,15,255.4,9,,,
Ernakulam,Ernakulam,Banana - Green,Other,13-01-2010,87.2,76.4,80.9,74.5,81.3,0.076,13.9,165.6,6,,,
Ernakulam,Ernakulam,Banana - Green,Other,14-01-2010,88.4,77.6,82.6,74.5,77.2,0.118,11.4,228.2,8,,,
Ernakulam,Ernakulam,Banana - Green,Other,15-01-2010,88.4,78.2,82.7,73.1,73.4,0,9.2,259.6,9,2100,2600,2200
Ernakulam,Ernakulam,Banana - Green,Other,16-01-2010,87.9,75.3,81.5,68.8,66.3,0,13.9,261.7,9,,,
Ernakulam,Ernakulam,Banana - Green,Other,17-01-2010,89,75.5,82.8,69.7,65.4,0,16.1,257,9,,,
Ernakulam,Ernakulam,Banana - Green,Other,18-01-2010,89.9,74.6,82.4,67.2,61.3,0,15,250.7,9,2150,2250,2175
Ernakulam,Ernakulam,Banana - Green,Other,19-01-2010,89.9,75.3,82.6,70.2,66.9,0,11.4,257.2,9,,,
Ernakulam,Ernakulam,Banana - Green,Other,20-01-2010,87.2,77.1,82.1,71.1,70.1,0,13.9,253.8,9,,,
Ernakulam,Ernakulam,Banana - Green,Other,21-01-2010,89.3,76.8,81.7,70.6,70.3,0.157,16.1,236.8,9,,,
Ernakulam,Ernakulam,Banana - Green,Other,22-01-2010,87.9,77.1,81.5,70.5,70.1,0,11.4,247.4,9,2300,2350,2325
Ernakulam,Ernakulam,Banana - Green,Other,23-01-2010,88.1,75.3,81.2,68.8,66.9,0,13.9,253.9,9,,,
Ernakulam,Ernakulam,Banana - Green,Other,24-01-2010,86.3,75.3,80.9,67.3,64.3,0,13.9,266.2,9,,,
Ernakulam,Ernakulam,Banana - Green,Other,25-01-2010,87.9,75.8,80.9,68.1,65.9,0,11.4,237.7,8,2050,2450,2150
Ernakulam,Ernakulam,Banana - Green,Other,26-01-2010,87.9,75.3,81.1,69.6,68.5,0,13.9,258,9,,,
Ernakulam,Ernakulam,Banana - Green,Other,27-01-2010,88.1,78.5,82.4,69.8,66.4,0,11.4,268.9,9,,,
Ernakulam,Ernakulam,Banana - Green,Other,28-01-2010,91.5,76.7,83,70,65.8,0,13.9,226.1,8,,,
Ernakulam,Ernakulam,Banana - Green,Other,29-01-2010,89.3,77.1,83.2,70,65.4,0,13.9,251.5,9,2100,2300,2200
Ernakulam,Ernakulam,Banana - Green,Other,30-01-2010,89.3,76.4,83.2,68.1,61.8,0,11.4,232,9,,,
Ernakulam,Ernakulam,Banana - Green,Other,31-01-2010,89,76.7,82.6,70.4,67.4,0,13.9,209.5,8,,,
Ernakulam,Ernakulam,Banana - Green,Other,01-02-2010,89.3,77.6,83.1,71.5,69,0,13.9,232.3,8,2000,2200,2100
Ernakulam,Ernakulam,Banana - Green,Other,02-02-2010,89.7,77.1,83.1,70.8,67.3,0,16.1,246,9,,,
Ernakulam,Ernakulam,Banana - Green,Other,03-02-2010,89,77.1,83.4,68.6,62.5,0,15,251.6,9,,,
Ernakulam,Ernakulam,Banana - Green,Other,04-02-2010,89.3,76.4,83.5,66.1,56.9,0,16.1,262.7,9,,,
Ernakulam,Ernakulam,Banana - Green,Other,05-02-2010,89,75.3,82.9,69.4,64.4,0,16.1,267.8,9,2050,2200,2100
Ernakulam,Ernakulam,Banana - Green,Other,06-02-2010,89.3,74.9,82.8,66.2,58.8,0,13.9,283.4,10,,,
Ernakulam,Ernakulam,Banana - Green,Other,07-02-2010,89.3,74,81.8,63.6,55.6,0,16.1,288.4,10,,,
Ernakulam,Ernakulam,Banana - Green,Other,08-02-2010,89,69.7,82.1,66.3,59.6,0,17.2,272.3,9,2100,2200,2150
Ernakulam,Ernakulam,Banana - Green,Other,09-02-2010,88.4,76.4,82.6,69.5,65.4,0,16.1,259.2,9,,,
Ernakulam,Ernakulam,Banana - Green,Other,10-02-2010,90.2,78.5,82.6,71.3,69.2,0,13.9,248.3,9,,,
Ernakulam,Ernakulam,Banana - Green,Other,11-02-2010,88.4,80.7,83.7,71.8,68,0,12.1,236.3,8,2100,2150,2125
Ernakulam,Ernakulam,Banana - Green,Other,12-02-2010,90.2,77.7,84.4,72.1,67.8,0,13.9,254.8,9,,,
Ernakulam,Ernakulam,Banana - Green,Other,13-02-2010,90.2,78.9,83.9,73.8,72,0.024,13.9,224,8,,,
Ernakulam,Ernakulam,Banana - Green,Other,14-02-2010,91.1,80,84.5,73.8,71,0.012,16.1,243,8,,,
Ernakulam,Ernakulam,Banana - Green,Other,15-02-2010,90.1,80,84.7,72.3,67.2,0,17.2,284,10,2000,2200,2100
Ernakulam,Ernakulam,Banana - Green,Other,16-02-2010,90.2,80.3,84.5,72.1,67.2,0,18.3,268.9,9,,,
Ernakulam,Ernakulam,Banana - Green,Other,17-02-2010,91.7,80.3,84.8,73.1,68.6,0,13.9,253.2,9,,,
Ernakulam,Ernakulam,Banana - Green,Other,18-02-2010,89.3,80.7,84.2,74.6,73.4,0,11.4,143.7,5,,,
Ernakulam,Ernakulam,Banana - Green,Other,19-02-2010,88.4,80,83.7,74.9,75.5,0,13.9,158.2,5,1950,2250,2000
Ernakulam,Ernakulam,Banana - Green,Other,20-02-2010,89.3,80.7,84.5,71.4,66.4,0,18.3,224.9,8,,,
Ernakulam,Ernakulam,Banana - Green,Other,21-02-2010,91.1,79.4,85.3,71,63.6,0,16.1,290.4,10,,,
Ernakulam,Ernakulam,Banana - Green,Other,22-02-2010,91.3,80.3,85.2,74.3,70.5,0,16.1,288.8,10,1700,1900,1800
Ernakulam,Ernakulam,Banana - Green,Other,23-02-2010,89,80.5,84.2,74.1,72.3,0,16.1,287.7,10,,,
Ernakulam,Ernakulam,Banana - Green,Other,24-02-2010,89.9,80.3,84.4,73.9,70.8,0,15,269.7,9,,,
Ernakulam,Ernakulam,Banana - Green,Other,25-02-2010,90.2,80.7,84.5,74.4,72.2,0,16.1,274.5,9,,,
Ernakulam,Ernakulam,Banana - Green,Other,26-02-2010,89.7,80.7,84.7,74.6,72.2,0,16.1,273.3,9,,,
Ernakulam,Ernakulam,Banana - Green,Other,27-02-2010,90.9,79.4,85.6,74.2,69.4,0,16.1,280.8,10,1600,1800,1700
Ernakulam,Ernakulam,Banana - Green,Other,28-02-2010,90.9,80.7,85.4,73.7,69,0,14.3,289.1,10,,,
Ernakulam,Ernakulam,Banana - Green,Other,01-03-2010,90.9,80.7,85.5,72.1,65.3,0,13.9,296.8,10,1500,1600,1550
Ernakulam,Ernakulam,Banana - Green,Other,02-03-2010,90.8,80,85.5,71.1,62.9,0,14.3,292.9,10,,,
Ernakulam,Ernakulam,Banana - Green,Other,03-03-2010,90.2,80.7,85.1,73.7,69.3,0,18.3,282.9,10,,,
Ernakulam,Ernakulam,Banana - Green,Other,04-03-2010,91.1,80.7,84.7,74.7,72.6,0,16.1,257.6,9,,,
Ernakulam,Ernakulam,Banana - Green,Other,05-03-2010,89.7,81.4,84.3,74.7,73.1,0,16.1,271.3,10,2450,2600,2500
Ernakulam,Ernakulam,Banana - Green,Other,06-03-2010,89.9,81.2,84.7,74.4,71.7,0,16.1,259.6,9,,,
Ernakulam,Ernakulam,Banana - Green,Other,07-03-2010,89.9,81.2,85,74.3,70.9,0,18.6,284.5,10,,,
Ernakulam,Ernakulam,Banana - Green,Other,08-03-2010,91.8,81.2,86,75.6,71.7,0,20.8,278.3,9,1450,1750,1500
Ernakulam,Ernakulam,Banana - Green,Other,09-03-2010,91.3,83,86.4,74.9,69.6,0,15,251.5,9,,,
Ernakulam,Ernakulam,Banana - Green,Other,10-03-2010,93.1,82.1,86.9,73.4,65.6,0,16.1,281.7,10,,,
Ernakulam,Ernakulam,Banana - Green,Other,11-03-2010,94.2,82.5,87.9,73.2,62.8,0,13.9,289.7,10,,,
Ernakulam,Ernakulam,Banana - Green,Other,12-03-2010,92.7,81.8,87.4,72,61.2,0,16.1,297.5,10,1600,1900,1750
Ernakulam,Ernakulam,Banana - Green,Other,13-03-2010,93.3,82.5,87.7,72.5,61.5,0,18.3,253.3,9,,,
Ernakulam,Ernakulam,Banana - Green,Other,14-03-2010,92,81.2,85.6,75.5,72,0,18.3,182.4,7,,,
Ernakulam,Ernakulam,Banana - Green,Other,15-03-2010,90.9,81.8,86.2,76,72.1,0,16.1,214.9,7,1500,1650,1600
Ernakulam,Ernakulam,Banana - Green,Other,16-03-2010,91.1,81.2,85.5,75.2,71.7,0.016,18.3,104.9,4,,,
Ernakulam,Ernakulam,Banana - Green,Other,17-03-2010,92.4,80.9,86.6,73.1,64.9,0.016,16.1,247.4,9,,,
Ernakulam,Ernakulam,Banana - Green,Other,18-03-2010,93.3,81.2,86.7,72.8,64.2,0,14.8,259.6,9,,,
Ernakulam,Ernakulam,Banana - Green,Other,19-03-2010,91.5,80.7,86,72.9,65.8,0,18.3,283.2,9,1500,1650,1600
Ernakulam,Ernakulam,Banana - Green,Other,20-03-2010,92.6,79.1,86.2,74.3,69.5,0,18.3,216.5,7,,,
Ernakulam,Ernakulam,Banana - Green,Other,21-03-2010,92.6,83,86.8,75.3,69.4,0,17,266.6,9,,,
Ernakulam,Ernakulam,Banana - Green,Other,22-03-2010,92.6,81.8,86.1,75.7,71.6,0,18.3,279.5,10,2050,2350,2200
Ernakulam,Ernakulam,Banana - Green,Other,23-03-2010,90.8,80.9,85.9,75.7,72,0,16.1,281.8,10,,,
Ernakulam,Ernakulam,Banana - Green,Other,24-03-2010,91.1,81.8,85.7,75.4,72,0.016,18.3,270.6,9,,,
Ernakulam,Ernakulam,Banana - Green,Other,25-03-2010,91.5,81.8,86,75.6,71.9,0.02,18.3,269.4,9,,,
Ernakulam,Ernakulam,Banana - Green,Other,26-03-2010,91.7,81.8,85.8,76.2,73.4,0.136,17.2,265.5,9,2050,2250,2100
Ernakulam,Ernakulam,Banana - Green,Other,27-03-2010,89.3,75.3,84.3,76.1,76.8,1.063,13.9,225.9,8,,,
Ernakulam,Ernakulam,Banana - Green,Other,28-03-2010,91.7,80.9,85.3,75.4,72.7,0.012,18.3,173.4,6,,,
Ernakulam,Ernakulam,Banana - Green,Other,29-03-2010,90.8,79.4,84.9,75.6,74.2,0.036,17.2,254.5,9,2050,2250,2100
Ernakulam,Ernakulam,Banana - Green,Other,30-03-2010,92,79.4,85.1,76.7,76.4,0.732,15,225,8,,,
Ernakulam,Ernakulam,Banana - Green,Other,31-03-2010,89.9,77.1,84.6,76.5,77.3,0.748,15,216.4,8,,,
Ernakulam,Ernakulam,Banana - Green,Other,01-04-2010,91.7,81.2,85.7,75.6,72.3,0,20.8,231.4,8,,,
Ernakulam,Ernakulam,Banana - Green,Other,02-04-2010,90.8,82.8,86,76.1,72.8,0.02,18.3,270.4,9,,,
Ernakulam,Ernakulam,Banana - Green,Other,03-04-2010,90.8,82.5,85.5,77.9,78.4,0.016,13.9,140,5,2050,2200,2100
Ernakulam,Ernakulam,Banana - Green,Other,04-04-2010,90.8,80.7,85,77.3,78.2,0.079,16.1,226.6,8,,,
Ernakulam,Ernakulam,Banana - Green,Other,05-04-2010,90.8,77.1,83.7,77.1,81.2,0.433,15,119.5,4,1850,1950,1900
Ernakulam,Ernakulam,Banana - Green,Other,06-04-2010,91.3,77.3,84.5,75.4,75.5,0.433,16.1,174.3,6,,,
Ernakulam,Ernakulam,Banana - Green,Other,07-04-2010,90.8,79.1,86.1,76.1,72.8,0.118,16.1,181.3,7,,,
Ernakulam,Ernakulam,Banana - Green,Other,08-04-2010,90.8,76.4,84.9,76,75.4,1.693,13.9,138.9,5,,,
Ernakulam,Ernakulam,Banana - Green,Other,09-04-2010,90.8,77.1,85,77.9,79.9,0.068,18.3,176,6,1850,1950,1900
Ernakulam,Ernakulam,Banana - Green,Other,10-04-2010,91.7,82.5,85.5,78.1,79.2,0,20.8,141.7,5,,,
Ernakulam,Ernakulam,Banana - Green,Other,11-04-2010,91.7,82.7,85.8,78.5,79.3,0,16.1,190.1,7,,,
Ernakulam,Ernakulam,Banana - Green,Other,12-04-2010,91.5,83.4,85.6,78.6,79.9,0.012,15,147.1,5,1850,1950,1900
Ernakulam,Ernakulam,Banana - Green,Other,13-04-2010,90.8,82.5,85.4,78,79,0.197,18.3,152.7,5,,,
Ernakulam,Ernakulam,Banana - Green,Other,14-04-2010,91.1,80,85.1,77.5,78.6,0,11.4,107.1,4,,,
Ernakulam,Ernakulam,Banana - Green,Other,15-04-2010,91.1,77.1,85.4,78.4,80,0.157,13.9,126,4,,,
Ernakulam,Ernakulam,Banana - Green,Other,16-04-2010,91.5,77.6,83.8,77.2,80.9,0.024,16.1,115.4,4,1800,1900,1850
Ernakulam,Ernakulam,Banana - Green,Other,17-04-2010,91.5,77.3,83.7,76.1,78.4,0.02,17.2,112.4,4,,,
Ernakulam,Ernakulam,Banana - Green,Other,18-04-2010,91.5,77.3,84.5,76.1,76.5,0.072,15,158.7,5,,,
Ernakulam,Ernakulam,Banana - Green,Other,19-04-2010,91.1,80.7,84.4,77.5,80.4,0.028,13.9,99.4,4,1750,1850,1800
Ernakulam,Ernakulam,Banana - Green,Other,20-04-2010,92,77.1,84.1,77.7,81.6,0.315,17.2,121.1,4,,,
Ernakulam,Ernakulam,Banana - Green,Other,21-04-2010,90.8,77.1,84.3,76.8,78.7,0.104,15,133.6,5,,,
Ernakulam,Ernakulam,Banana - Green,Other,22-04-2010,91.1,79.1,85.6,77.2,76.6,0.079,18.3,241.6,9,,,
Ernakulam,Ernakulam,Banana - Green,Other,23-04-2010,92,79.1,85.1,77.7,79.2,0.039,15,138,5,1750,1850,1800
Ernakulam,Ernakulam,Banana - Green,Other,24-04-2010,91.1,79.1,85,77.7,79.4,0.184,9.2,110,4,,,
Ernakulam,Ernakulam,Banana - Green,Other,25-04-2010,91.1,77.3,84.2,77.7,81.1,1.11,23,112.5,4,,,
Ernakulam,Ernakulam,Banana - Green,Other,26-04-2010,91.1,75.3,84.1,76.7,79.1,0.63,16.1,200.9,7,1650,1750,1700
Ernakulam,Ernakulam,Banana - Green,Other,27-04-2010,95.1,77.3,84.5,76.4,77.5,0.157,13.9,199.3,7,,,
Ernakulam,Ernakulam,Banana - Green,Other,28-04-2010,91.1,76.4,83.9,77,80.4,0.591,16.1,153.5,5,,,
Ernakulam,Ernakulam,Banana - Green,Other,29-04-2010,92.6,77.1,84.7,77.1,78.6,0.039,13.9,142.1,5,,,
Ernakulam,Ernakulam,Banana - Green,Other,30-04-2010,91.5,75.3,84.9,77.9,80.3,0.475,15,124.6,5,1700,1750,1725
Ernakulam,Ernakulam,Banana - Green,Other,01-05-2010,90.8,75.3,84.6,76.3,76.9,2.598,9.6,148.4,5,,,
Ernakulam,Ernakulam,Banana - Green,Other,02-05-2010,91.1,79.1,84.6,76.6,77.1,0.024,15,116.7,4,,,
Ernakulam,Ernakulam,Banana - Green,Other,03-05-2010,91.5,79.1,85.6,77.5,77.2,0.06,16.1,126.4,5,1775,1875,1800
Ernakulam,Ernakulam,Banana - Green,Other,04-05-2010,91.5,81.2,85.8,78,77.9,0.197,16.1,180.1,6,,,
Ernakulam,Ernakulam,Banana - Green,Other,05-05-2010,90.8,82.1,86,78,77.5,0,13.9,171.4,5,,,
Ernakulam,Ernakulam,Banana - Green,Other,06-05-2010,92,82.7,86.3,78.3,77.5,0.1,17.2,183.8,6,,,
Ernakulam,Ernakulam,Banana - Green,Other,07-05-2010,90.8,83.6,86.2,78.7,78.7,0.08,12.5,151,5,1750,1850,1800
Ernakulam,Ernakulam,Banana - Green,Other,08-05-2010,92,82.5,86.3,78.8,78.7,0.024,16.1,133.9,5,,,
Ernakulam,Ernakulam,Banana - Green,Other,09-05-2010,92,79.1,84.8,77.1,78.5,0.354,12.5,108.3,4,,,
Ernakulam,Ernakulam,Banana - Green,Other,10-05-2010,89.7,76.2,85.1,76.5,75.9,0.068,11.4,208.8,7,,,
Ernakulam,Ernakulam,Banana - Green,Other,11-05-2010,91.5,83.6,85.7,78.1,78.4,0.044,15,154.4,6,,,
Ernakulam,Ernakulam,Banana - Green,Other,12-05-2010,92.9,81.8,86.1,77.6,75.6,0,11.6,226.8,8,,,
Ernakulam,Ernakulam,Banana - Green,Other,13-05-2010,93.3,83.6,86.4,79.4,80.1,0,16.1,127.3,5,,,
Ernakulam,Ernakulam,Banana - Green,Other,14-05-2010,92,83.6,86.5,78.6,77.8,0,18.3,104.9,4,2100,2200,2150
Ernakulam,Ernakulam,Banana - Green,Other,15-05-2010,92.9,82.5,86.3,77.5,75.5,0,16.1,163.7,5,,,
Ernakulam,Ernakulam,Banana - Green,Other,16-05-2010,90.8,81.2,85.7,78.3,78.7,0.157,16.1,201.7,7,,,
Ernakulam,Ernakulam,Banana - Green,Other,17-05-2010,91.5,79.1,86,78.6,79.3,0.208,18.3,189,7,2200,2400,2300
Ernakulam,Ernakulam,Banana - Green,Other,18-05-2010,89,79.1,84.6,78.1,81,1.067,17.4,104.6,3,,,
Ernakulam,Ernakulam,Banana - Green,Other,19-05-2010,88.1,76.7,83.2,77.6,83.7,1.02,20.8,170.4,6,,,
Ernakulam,Ernakulam,Banana - Green,Other,20-05-2010,86.4,76.4,83,77.8,84.5,0.945,19.2,136.6,4,,,
Ernakulam,Ernakulam,Banana - Green,Other,21-05-2010,86.8,77.3,84.3,78.1,82,0.34,20.6,198,7,2000,2150,2100
Ernakulam,Ernakulam,Banana - Green,Other,22-05-2010,89,78.9,84.8,78.3,81.2,0.092,16.1,174.6,6,,,
Ernakulam,Ernakulam,Banana - Green,Other,23-05-2010,90.2,78.9,84.5,77.8,80.6,0.192,12.8,133.1,5,,,
Ernakulam,Ernakulam,Banana - Green,Other,24-05-2010,86.3,80.3,83.7,78.8,85.5,0.315,14.5,147.2,5,2250,2650,2300
Ernakulam,Ernakulam,Banana - Green,Other,25-05-2010,86.1,78.9,83.1,77.8,84.1,2.913,18.3,185.6,6,,,
Ernakulam,Ernakulam,Banana - Green,Other,26-05-2010,89.7,78.9,83.9,77.6,81.9,0.118,15.2,202,7,,,
Ernakulam,Ernakulam,Banana - Green,Other,27-05-2010,91.1,80.7,84.6,78.3,81.9,0.256,16.1,162.3,6,,,
Ernakulam,Ernakulam,Banana - Green,Other,28-05-2010,88.4,80.9,84.3,79.3,85,0.264,13,106.3,4,2100,2200,2150
Ernakulam,Ernakulam,Banana - Green,Other,29-05-2010,87.9,79.1,83.9,79.1,85.8,2.165,18.8,108.2,4,,,
Ernakulam,Ernakulam,Banana - Green,Other,30-05-2010,88.4,78.9,83.4,77.1,81.6,0.472,20.8,133.1,4,,,
Ernakulam,Ernakulam,Banana - Green,Other,31-05-2010,88.4,79.1,83.4,77.1,81.5,0.197,18.3,164.4,5,2400,2750,2450
Ernakulam,Ernakulam,Banana - Green,Other,01-06-2010,89,79.4,84.1,77.3,80.3,0.158,16.1,139.9,4,,,
Ernakulam,Ernakulam,Banana - Green,Other,02-06-2010,91.1,78.9,84.5,78.4,82.3,1.693,18.3,233.4,8,,,
Ernakulam,Ernakulam,Banana - Green,Other,03-06-2010,89.3,77.1,84.2,78.6,83.7,1.024,16.1,157.7,5,,,
Ernakulam,Ernakulam,Banana - Green,Other,04-06-2010,90.2,78.5,84.2,79.3,85.5,0.63,18.3,121.3,4,2100,2200,2150
Ernakulam,Ernakulam,Banana - Green,Other,05-06-2010,88.4,77.3,83.3,76.8,81.3,0.197,16.8,173.9,6,,,
Ernakulam,Ernakulam,Banana - Green,Other,06-06-2010,84.3,76.4,81.1,75.9,84.4,0.945,20.8,118,4,,,
Ernakulam,Ernakulam,Banana - Green,Other,07-06-2010,85.4,75.3,81.5,75.3,82,0.59,21.5,240.8,8,2050,2150,2100
Ernakulam,Ernakulam,Banana - Green,Other,08-06-2010,84.3,77.1,81.9,74.4,78.2,0.118,16.8,193.9,6,,,
Ernakulam,Ernakulam,Banana - Green,Other,09-06-2010,85.7,75.5,81.4,76.3,84.6,0.63,23.3,173.2,6,,,
Ernakulam,Ernakulam,Banana - Green,Other,10-06-2010,83.9,75.3,80.8,76.4,86.6,1.142,22.1,129.4,6,,,
Ernakulam,Ernakulam,Banana - Green,Other,11-06-2010,83,74.9,81,77.5,89.5,3.032,24.4,77.7,2,,,
Ernakulam,Ernakulam,Banana - Green,Other,12-06-2010,83.6,75.5,80.6,77.3,90.1,4.41,26.8,109.9,4,,,
Ernakulam,Ernakulam,Banana - Green,Other,13-06-2010,84.3,77.1,81.4,77.6,88.4,1.89,28.9,104,4,,,
Ernakulam,Ernakulam,Banana - Green,Other,14-06-2010,84.3,75.5,80.3,76.2,87.9,1.732,16.8,183.3,7,,,
Ernakulam,Ernakulam,Banana - Green,Other,15-06-2010,84.8,75.5,81.5,75.8,83.2,0.118,10.3,207.7,7,,,
Ernakulam,Ernakulam,Banana - Green,Other,16-06-2010,88.1,77.1,82.1,76.6,83.8,0.092,11.4,167.5,6,,,
Ernakulam,Ernakulam,Banana - Green,Other,17-06-2010,82.7,76.7,80,76.6,89.6,1.536,17.2,138.9,5,,,
Ernakulam,Ernakulam,Banana - Green,Other,18-06-2010,87.5,75.5,81.7,76.6,84.5,0.18,13.9,198.1,7,,,
Ernakulam,Ernakulam,Banana - Green,Other,19-06-2010,88.1,78.9,82,77.2,85.8,0.118,11.4,234.9,8,,,
Ernakulam,Ernakulam,Banana - Green,Other,20-06-2010,89,78.9,82.1,77,84.6,0.132,13.9,175.5,5,,,
Ernakulam,Ernakulam,Banana - Green,Other,21-06-2010,88.1,78.5,82.3,76.1,81.6,0.984,13.9,256.5,8,1950,2450,2000
Ernakulam,Ernakulam,Banana - Green,Other,22-06-2010,87.5,79.4,81.8,77.1,85.9,0.142,11.4,145.9,5,,,
Ernakulam,Ernakulam,Banana - Green,Other,23-06-2010,82.3,77.1,80.7,76.8,88.2,2.401,18.1,144.8,5,,,
Ernakulam,Ernakulam,Banana - Green,Other,24-06-2010,82.7,75.3,79.8,75,85.7,3.425,20.1,143.6,4,,,
Ernakulam,Ernakulam,Banana - Green,Other,25-06-2010,83.9,73.5,80.4,76.1,87,0.748,20.4,153.9,6,2150,2350,2200
Ernakulam,Ernakulam,Banana - Green,Other,26-06-2010,89,74.9,80.9,76.9,88,0.433,16.3,222,7,,,
Ernakulam,Ernakulam,Banana - Green,Other,27-06-2010,83.9,73.7,81.1,77.9,90.1,1.22,14.3,204.4,7,,,
Ernakulam,Ernakulam,Banana - Green,Other,28-06-2010,86.1,75.8,81.3,78.2,90.5,2.086,17.2,160.8,5,2200,2400,2300
Ernakulam,Ernakulam,Banana - Green,Other,29-06-2010,88.1,75.3,81.9,77,85.4,1.338,15,188.9,7,,,
Ernakulam,Ernakulam,Banana - Green,Other,30-06-2010,84.8,73.5,80.3,75,84.3,1.299,18.1,178.1,6,,,
Ernakulam,Ernakulam,Banana - Green,Other,01-07-2010,81.6,74,78.7,73.9,85.5,0.904,16.1,197.1,6,,,
Ernakulam,Ernakulam,Banana - Green,Other,02-07-2010,86.3,73.7,80.8,74.6,81.6,0.144,12.8,277.3,9,2300,2650,2400
Ernakulam,Ernakulam,Banana - Green,Other,03-07-2010,83.9,77.1,80.9,76,85.1,0.709,16.6,273.5,9,,,
Ernakulam,Ernakulam,Banana - Green,Other,04-07-2010,85.7,76.7,80.6,76.2,86.9,1.93,12.3,221.6,7,,,
Ernakulam,Ernakulam,Banana - Green,Other,05-07-2010,82.7,75,79.6,75,86.1,2.046,17.4,272.3,9,,,
Ernakulam,Ernakulam,Banana - Green,Other,06-07-2010,83.6,75.3,80.5,75.4,84.8,0.787,16.6,228.6,8,2300,2400,2350
Ernakulam,Ernakulam,Banana - Green,Other,07-07-2010,85.4,77.3,81.1,75.8,84.4,0.116,15,243.6,8,,,
Ernakulam,Ernakulam,Banana - Green,Other,08-07-2010,88.4,75.3,81.3,75.3,82.4,0.118,13.6,153,5,,,
Ernakulam,Ernakulam,Banana - Green,Other,09-07-2010,84.8,75,80,75.4,86.2,1.811,18.3,144.2,5,,,
Ernakulam,Ernakulam,Banana - Green,Other,10-07-2010,91.1,76.4,81.1,76.1,85.3,0.072,16.1,230.1,8,,,
Ernakulam,Ernakulam,Banana - Green,Other,11-07-2010,88.1,78.3,81.7,76.8,85.5,0.032,15,253,8,,,
Ernakulam,Ernakulam,Banana - Green,Other,12-07-2010,89.9,78.9,81.4,76.6,85.6,0.02,18.3,214.4,8,1950,2100,2000
Ernakulam,Ernakulam,Banana - Green,Other,13-07-2010,89.7,77.6,80.5,75.8,85.9,0.112,11.4,165,5,,,
Ernakulam,Ernakulam,Banana - Green,Other,14-07-2010,87.2,75.8,80.7,74.9,82.9,0.512,15.4,194.8,6,,,
Ernakulam,Ernakulam,Banana - Green,Other,15-07-2010,86.6,78.9,80.3,75.7,85.9,0.354,16.8,178.3,6,,,
Ernakulam,Ernakulam,Banana - Green,Other,16-07-2010,81.6,74.9,79,75.2,88.4,2.598,20.8,152.3,5,2150,2250,2200
Ernakulam,Ernakulam,Banana - Green,Other,17-07-2010,84.3,74.6,79.1,75.7,89.5,0.354,16.3,118.8,4,,,
Ernakulam,Ernakulam,Banana - Green,Other,18-07-2010,81.9,74.6,79.3,76,89.7,2.637,20.8,214,7,,,
Ernakulam,Ernakulam,Banana - Green,Other,19-07-2010,80.5,75.5,78.6,75.1,89.3,1.457,24.2,174.6,6,2300,2350,2325
Ernakulam,Ernakulam,Banana - Green,Other,20-07-2010,83.6,74.9,78.9,75.5,89.6,0.708,16.3,121.6,4,,,
Ernakulam,Ernakulam,Banana - Green,Other,21-07-2010,86.6,75.3,79.3,76.2,90.6,0.944,15,142.3,5,,,
Ernakulam,Ernakulam,Banana - Green,Other,22-07-2010,88.4,75.5,79.8,76.1,88.7,0.354,14.1,137.8,4,,,
Ernakulam,Ernakulam,Banana - Green,Other,23-07-2010,89,74.9,79.3,75.7,88.9,0.236,12.1,157.2,5,2300,2400,2350
Ernakulam,Ernakulam,Banana - Green,Other,24-07-2010,89.3,74.9,79.6,75,86.2,0.354,16.6,143.9,4,,,
Ernakulam,Ernakulam,Banana - Green,Other,25-07-2010,87.9,75.5,80.4,75.9,86.5,0.709,12.8,203.6,7,,,
Ernakulam,Ernakulam,Banana - Green,Other,26-07-2010,88.4,73.5,80.2,75.6,85.8,0.709,13.9,193.5,7,2800,2850,2825
Ernakulam,Ernakulam,Banana - Green,Other,27-07-2010,88.1,73.5,79.8,75.5,87.3,0.866,18.1,186.6,6,,,
Ernakulam,Ernakulam,Banana - Green,Other,28-07-2010,83,74,78.9,75.5,89.3,1.457,18.8,153,5,,,
Ernakulam,Ernakulam,Banana - Green,Other,29-07-2010,84.8,74,78.2,74.6,88.8,1.613,21,219.9,8,,,
Ernakulam,Ernakulam,Banana - Green,Other,30-07-2010,86.6,72.8,79.2,75.2,87.9,0.118,15,246.4,8,2800,2850,2825
Ernakulam,Ernakulam,Banana - Green,Other,31-07-2010,87.9,76.7,80.5,75.3,84.8,0.028,13.6,261,8,,,
Ernakulam,Ernakulam,Banana - Green,Other,01-08-2010,89.3,75.3,80.7,75.9,85.8,0,13.9,233.8,8,,,
Ernakulam,Ernakulam,Banana - Green,Other,02-08-2010,85.4,77.8,80.3,75.8,86.5,0.14,13.9,205.4,7,2600,2750,2650
Ernakulam,Ernakulam,Banana - Green,Other,03-08-2010,88.1,75.3,79.9,76.8,90.5,1.259,16.8,132.2,5,,,
Ernakulam,Ernakulam,Banana - Green,Other,04-08-2010,82.1,71.7,79.1,76.2,90.7,0.827,16.1,143,5,,,
Ernakulam,Ernakulam,Banana - Green,Other,05-08-2010,87.2,75.3,80.4,77.1,89.9,0.236,16.1,155.1,5,,,
Ernakulam,Ernakulam,Banana - Green,Other,06-08-2010,87.2,76.7,80.6,77.2,89.6,0.26,16.1,167,6,2700,2900,2800
Ernakulam,Ernakulam,Banana - Green,Other,07-08-2010,87.5,75.5,81.5,77,86.6,0.331,13.9,216.2,7,,,
Ernakulam,Ernakulam,Banana - Green,Other,08-08-2010,83,77.1,80.7,77.4,89.8,0.315,18.3,153.5,5,,,
Ernakulam,Ernakulam,Banana - Green,Other,09-08-2010,87.5,77.6,81.1,77.1,87.7,0.024,16.1,153.3,5,,,
Ernakulam,Ernakulam,Banana - Green,Other,10-08-2010,89,77.6,81.5,76.8,86.1,0.028,17.2,232.1,8,,,
Ernakulam,Ernakulam,Banana - Green,Other,11-08-2010,86.6,78.9,81.1,76.6,86.2,0.116,18.3,241.6,8,,,
Ernakulam,Ernakulam,Banana - Green,Other,12-08-2010,84.8,77.6,80.2,76.1,87.4,0.281,19.7,208,7,,,
Ernakulam,Ernakulam,Banana - Green,Other,13-08-2010,84.5,76.4,80,76.1,88.1,0.118,19.9,231.4,8,3200,3400,3300
Ernakulam,Ernakulam,Banana - Green,Other,14-08-2010,87.9,75.8,80,75.5,86.7,0.433,17.7,106.9,3,,,
Ernakulam,Ernakulam,Banana - Green,Other,15-08-2010,84.3,75.8,79.5,76.4,90.3,0.748,21.5,146.8,5,,,
Ernakulam,Ernakulam,Banana - Green,Other,16-08-2010,84.8,73.7,78.8,75.6,90.1,1.102,20.8,177.6,7,2900,3100,3000
Ernakulam,Ernakulam,Banana - Green,Other,17-08-2010,82.7,72.2,78.5,75.1,89.7,0.59,25.5,160.7,6,,,
Ernakulam,Ernakulam,Banana - Green,Other,18-08-2010,84.3,75.3,78.8,75.4,89.4,0.118,15,148.5,5,,,
Ernakulam,Ernakulam,Banana - Green,Other,19-08-2010,84.5,74.9,79.2,75.4,88.4,0.016,14.8,184.2,7,,,
Ernakulam,Ernakulam,Banana - Green,Other,20-08-2010,83.6,75.5,79.2,75.6,89,0.096,12.3,189.8,7,3200,3600,3400
Ernakulam,Ernakulam,Banana - Green,Other,21-08-2010,80.7,75.6,77.8,74.6,89.9,0.354,13.4,179.8,6,,,
Ernakulam,Ernakulam,Banana - Green,Other,22-08-2010,85.4,75.8,78.6,74.9,88.5,9.965,17.2,192.9,7,,,
Ernakulam,Ernakulam,Banana - Green,Other,23-08-2010,83.9,75.3,78.5,75,89.2,0.06,18.8,134.9,5,,,
Ernakulam,Ernakulam,Banana - Green,Other,24-08-2010,80.3,76.7,77.8,74.9,90.9,0.29,23,137.2,4,,,
Ernakulam,Ernakulam,Banana - Green,Other,25-08-2010,80.3,74.9,77.6,74.8,91.4,0.472,18.8,196.6,6,,,
Ernakulam,Ernakulam,Banana - Green,Other,26-08-2010,79.4,73.5,77.4,74.8,91.7,0.039,17.2,164,5,,,
Ernakulam,Ernakulam,Banana - Green,Other,27-08-2010,84.3,74,78.3,74.9,89.6,0.394,13,230.6,8,3150,3250,3200
Ernakulam,Ernakulam,Banana - Green,Other,28-08-2010,80.7,75.3,78.2,75.8,92.5,0.747,11.6,195.1,8,,,
Ernakulam,Ernakulam,Banana - Green,Other,29-08-2010,84.3,75.3,78.8,76.4,92.5,0.196,13.4,122.8,4,,,
Ernakulam,Ernakulam,Banana - Green,Other,30-08-2010,79.4,73.5,77.2,74.5,91.6,0.354,27.3,112.8,4,650,750,700
Ernakulam,Ernakulam,Banana - Green,Other,31-08-2010,87.5,74.6,79.2,74.3,85.5,0.02,13.9,150.1,5,2900,3100,3000
Ernakulam,Ernakulam,Banana - Green,Other,01-09-2010,86.1,76.9,80.1,74.7,83.9,0,15,246.5,9,,,
Ernakulam,Ernakulam,Banana - Green,Other,02-09-2010,85.4,77.4,80.1,75.3,85.5,0,14.3,231.9,9,,,
Ernakulam,Ernakulam,Banana - Green,Other,03-09-2010,84.4,77.8,79.9,75.9,87.8,0,15,192.4,7,,,
Ernakulam,Ernakulam,Banana - Green,Other,04-09-2010,83.9,77.1,79.8,75.9,88.1,0.016,11.4,153.8,5,,,
Ernakulam,Ernakulam,Banana - Green,Other,05-09-2010,85.7,77.6,80.2,75.7,85.9,0.008,11.4,239.6,8,,,
Ernakulam,Ernakulam,Banana - Green,Other,06-09-2010,86.6,76.7,80.2,75.1,84.7,0.016,17.2,252.9,9,2700,2900,2800
Ernakulam,Ernakulam,Banana - Green,Other,07-09-2010,83.6,76.7,79.7,75.8,88.2,0.197,13.9,217,8,,,
Ernakulam,Ernakulam,Banana - Green,Other,08-09-2010,83,75.8,79.6,75.5,87.3,0.669,13.4,212,8,,,
Ernakulam,Ernakulam,Banana - Green,Other,09-09-2010,85.7,77.1,80.1,75.8,87,0.629,16.1,176.4,6,,,
Ernakulam,Ernakulam,Banana - Green,Other,10-09-2010,80.7,74.6,78.5,76,92,2.048,17.2,131.8,5,,,
Ernakulam,Ernakulam,Banana - Green,Other,11-09-2010,85.7,75.3,79.9,74.5,84.3,0.202,13.9,222.8,7,,,
Ernakulam,Ernakulam,Banana - Green,Other,12-09-2010,84.8,77.6,80.5,75.6,85.3,0.06,13.9,227,8,,,
Ernakulam,Ernakulam,Banana - Green,Other,13-09-2010,87.5,76.7,79.9,75.4,86.5,0.252,17.2,175.5,7,3150,3250,3200
Ernakulam,Ernakulam,Banana - Green,Other,14-09-2010,82.5,75.3,78.8,74.1,85.9,0.654,11.4,165.6,6,,,
Ernakulam,Ernakulam,Banana - Green,Other,15-09-2010,83,75.5,79,74.8,87.1,0.59,13.4,224.4,8,,,
Ernakulam,Ernakulam,Banana - Green,Other,16-09-2010,86.1,75.3,79.7,75.1,86.3,0.976,15,206.6,7,,,
Ernakulam,Ernakulam,Banana - Green,Other,17-09-2010,85.7,75.5,80.1,76.1,87.8,0.322,13.4,133.1,5,3200,3400,3300
Ernakulam,Ernakulam,Banana - Green,Other,18-09-2010,83.9,78,79.5,75.5,87.7,2.874,13.9,193.4,7,,,
Ernakulam,Ernakulam,Banana - Green,Other,19-09-2010,84.8,75.8,80.2,75.3,85.3,0.024,11.4,208.5,7,,,
Ernakulam,Ernakulam,Banana - Green,Other,20-09-2010,86.3,76.4,80.3,75,84.3,0.489,15,202.3,7,2700,2900,2800
Ernakulam,Ernakulam,Banana - Green,Other,21-09-2010,84.8,74,80,74.8,84.5,0.747,12.8,206.5,7,,,
Ernakulam,Ernakulam,Banana - Green,Other,22-09-2010,87.2,74,79.6,74.5,84.7,0.569,13.9,139.9,5,,,
Ernakulam,Ernakulam,Banana - Green,Other,23-09-2010,86.3,76.4,79.7,75.7,87.9,1.023,10.3,112.2,4,,,
Ernakulam,Ernakulam,Banana - Green,Other,24-09-2010,81.2,73.5,78.8,75.5,89.6,7.362,13.9,186.2,6,2700,2900,2800
Ernakulam,Ernakulam,Banana - Green,Other,25-09-2010,89,75.8,81.1,74.9,81.9,0.124,11.4,269.6,9,,,
Ernakulam,Ernakulam,Banana - Green,Other,26-09-2010,86.6,75.3,81.1,76.1,85,0.236,11.4,227.9,8,,,
Ernakulam,Ernakulam,Banana - Green,Other,27-09-2010,87.9,75.3,81,76,85.2,0.472,15.4,238.6,8,2650,2750,2700
Ernakulam,Ernakulam,Banana - Green,Other,28-09-2010,87.2,76.4,80.4,76.2,87.2,0.118,15.2,125.3,5,,,
Ernakulam,Ernakulam,Banana - Green,Other,29-09-2010,87.5,77.1,81.2,75.4,83,0.172,9.4,201,7,,,
Ernakulam,Ernakulam,Banana - Green,Other,30-09-2010,86.6,77.6,80.8,75,82.9,0.008,11.4,198,7,,,
Ernakulam,Ernakulam,Banana - Green,Other,01-10-2010,87.9,76.7,80.8,75,83.2,0.024,13.9,250.1,8,2400,2600,2500
Ernakulam,Ernakulam,Banana - Green,Other,02-10-2010,85.4,75.3,80.1,76.1,87.7,1.694,11.4,167,7,,,
Ernakulam,Ernakulam,Banana - Green,Other,03-10-2010,85.7,74.9,80.1,75.2,85.4,0.028,17.2,169.2,7,,,
Ernakulam,Ernakulam,Banana - Green,Other,04-10-2010,85.4,75.3,81.3,75.9,84.1,0.878,21.9,216.7,7,2300,2500,2400
Ernakulam,Ernakulam,Banana - Green,Other,05-10-2010,83,77.1,80.9,76.7,87.2,0.661,18.3,161.5,6,,,
Ernakulam,Ernakulam,Banana - Green,Other,06-10-2010,82.8,75.3,79.8,76.1,88.9,3.433,19.7,186.5,7,,,
Ernakulam,Ernakulam,Banana - Green,Other,07-10-2010,82.7,74.9,80.1,76.1,87.7,2.441,19,163.1,6,,,
Ernakulam,Ernakulam,Banana - Green,Other,08-10-2010,86.3,75.3,80.6,76.9,88.8,0.669,17.2,106.8,4,2300,2500,2400
Ernakulam,Ernakulam,Banana - Green,Other,09-10-2010,81.9,76.4,79.2,76,90.1,1.416,16.8,126.1,5,,,
Ernakulam,Ernakulam,Banana - Green,Other,10-10-2010,86.1,75.5,80.8,75,83,0.092,11.4,220.8,8,,,
Ernakulam,Ernakulam,Banana - Green,Other,11-10-2010,86.6,78.2,81.5,75,80.9,0,12.8,236.1,8,2300,2500,2400
Ernakulam,Ernakulam,Banana - Green,Other,12-10-2010,87.9,76.4,81.1,75.2,82.4,0,11.2,254.4,9,,,
Ernakulam,Ernakulam,Banana - Green,Other,13-10-2010,86.6,78.2,81.2,75.8,83.9,0.016,11.4,255.7,9,,,
Ernakulam,Ernakulam,Banana - Green,Other,14-10-2010,86.6,77.1,80.5,75.7,85.3,0.236,16.1,186.4,7,,,
Ernakulam,Ernakulam,Banana - Green,Other,15-10-2010,82.5,74,79.3,75,86.9,2.599,19,207.9,7,2200,2400,2300
Ernakulam,Ernakulam,Banana - Green,Other,16-10-2010,85.7,73.7,80,74.6,83.9,0.225,17,242.2,8,,,
Ernakulam,Ernakulam,Banana - Green,Other,17-10-2010,83,74.9,80.3,74.9,84,0.996,18.8,271.2,9,,,
Ernakulam,Ernakulam,Banana - Green,Other,18-10-2010,84.3,75.3,80.6,73.9,80.5,0.276,14.3,280.4,10,2200,2400,2300
Ernakulam,Ernakulam,Banana - Green,Other,19-10-2010,83.6,75.8,80,74.6,84,1.182,14.1,256.7,9,,,
Ernakulam,Ernakulam,Banana - Green,Other,20-10-2010,82.7,75.3,79.3,73.9,83.7,3.78,12.3,184.6,6,,,
Ernakulam,Ernakulam,Banana - Green,Other,21-10-2010,85.7,75.3,79.9,75.1,85.4,0.748,15,248,9,,,
Ernakulam,Ernakulam,Banana - Green,Other,22-10-2010,85.4,75.8,80.6,74.8,82.7,0.276,15.7,174.7,8,2500,2700,2600
Ernakulam,Ernakulam,Banana - Green,Other,23-10-2010,82.8,75.8,79.8,75.4,86.8,1.928,15.7,244.1,9,,,
Ernakulam,Ernakulam,Banana - Green,Other,24-10-2010,86.1,75.3,80.6,75.1,83.7,0.072,12.8,272.7,9,,,
Ernakulam,Ernakulam,Banana - Green,Other,25-10-2010,86.3,75.5,80.7,74.9,82.8,0,12.5,274.4,9,,,
Ernakulam,Ernakulam,Banana - Green,Other,26-10-2010,86.1,76.7,80.8,74.5,81.4,0.048,12.3,246.4,9,,,
Ernakulam,Ernakulam,Banana - Green,Other,27-10-2010,82.5,75.3,79.6,75.2,86.7,1.063,12.8,137.6,5,,,
Ernakulam,Ernakulam,Banana - Green,Other,28-10-2010,86.1,75.3,79.8,74.6,84.6,0.275,11.6,131.4,4,,,
Ernakulam,Ernakulam,Banana - Green,Other,29-10-2010,85.7,74,79.9,74.6,84.1,0.709,8.1,197.2,8,2300,2500,2400
Ernakulam,Ernakulam,Banana - Green,Other,30-10-2010,83,74.6,79.3,75,86.9,0.433,9.4,124.4,4,,,
Ernakulam,Ernakulam,Banana - Green,Other,31-10-2010,88.1,73.5,80.8,75.1,83.5,1.418,11.6,173.9,7,,,
Ernakulam,Ernakulam,Banana - Green,Other,01-11-2010,84.3,77.6,80.8,75.3,83.7,0.039,11.4,166,6,2500,2700,2600
Ernakulam,Ernakulam,Banana - Green,Other,02-11-2010,86.3,77.1,81.2,75.8,84,0.315,11.9,191,7,,,
Ernakulam,Ernakulam,Banana - Green,Other,03-11-2010,89.5,78.2,82,76.3,83.3,0.351,10.8,204,7,,,
Ernakulam,Ernakulam,Banana - Green,Other,04-11-2010,89.5,75.1,81,75,82.4,2.165,12.8,174,6,,,
Ernakulam,Ernakulam,Banana - Green,Other,05-11-2010,85.9,76.4,80.1,74.8,84.1,0.906,10.9,169.2,7,,,
Ernakulam,Ernakulam,Banana - Green,Other,06-11-2010,82.5,71.5,78.6,74.2,86.5,0.157,9.2,138.1,5,,,
Ernakulam,Ernakulam,Banana - Green,Other,07-11-2010,84.5,75.1,79.6,75.4,87.3,0.064,13,140.2,6,,,
Ernakulam,Ernakulam,Banana - Green,Other,08-11-2010,89.5,73.3,80.8,75,83.3,0.052,10.3,250.1,9,2200,2400,2300
Ernakulam,Ernakulam,Banana - Green,Other,09-11-2010,87.7,75.1,80.7,76.4,87.2,1.064,15.6,116.4,5,,,
Ernakulam,Ernakulam,Banana - Green,Other,10-11-2010,91.3,73.5,80.4,75.5,85.8,1.61,13.4,134.1,5,,,
Ernakulam,Ernakulam,Banana - Green,Other,11-11-2010,84.1,73.3,77.5,75.1,92.6,0.433,14.4,150.8,6,,,
Ernakulam,Ernakulam,Banana - Green,Other,12-11-2010,88.4,73.3,79.5,73.6,82.9,0.024,13.9,238.2,8,2300,2500,2400
Ernakulam,Ernakulam,Banana - Green,Other,13-11-2010,87.7,75.1,80.6,76.2,86.9,0.764,11.4,208.7,7,,,
Ernakulam,Ernakulam,Banana - Green,Other,14-11-2010,87.9,75.1,81.5,76.2,84.7,2.047,11.4,200.7,7,,,
Ernakulam,Ernakulam,Banana - Green,Other,15-11-2010,91.3,74.9,81.6,75.3,81.9,0.079,16.1,264.3,9,2300,2500,2400
Ernakulam,Ernakulam,Banana - Green,Other,16-11-2010,89.5,73.3,79.4,75.5,88.4,3.15,28.9,100.7,3,,,
Ernakulam,Ernakulam,Banana - Green,Other,17-11-2010,86.7,31.9,77.1,72.7,86.8,0.008,11.4,204.2,8,,,
Ernakulam,Ernakulam,Banana - Green,Other,18-11-2010,87.1,73.3,79.8,74.5,84.6,0.028,13.6,252.4,9,,,
Ernakulam,Ernakulam,Banana - Green,Other,19-11-2010,89.5,73.5,79.9,74.9,85.7,0.433,13.9,170.9,6,2200,2400,2300
Ernakulam,Ernakulam,Banana - Green,Other,20-11-2010,86.8,75.3,79.3,74.8,86.5,0.039,10.9,132.6,5,,,
Ernakulam,Ernakulam,Banana - Green,Other,21-11-2010,84.3,31.9,76.7,72.7,88.1,1.221,9,114.7,5,,,
Ernakulam,Ernakulam,Banana - Green,Other,22-11-2010,87.7,73.6,80.1,74.1,82.5,0.787,11.4,221.5,8,2300,2500,2400
Ernakulam,Ernakulam,Banana - Green,Other,23-11-2010,85.9,73.5,79.4,74.4,85.4,0.197,11.4,101.3,3,,,
Ernakulam,Ernakulam,Banana - Green,Other,24-11-2010,86.1,75.1,79.6,74.5,84.9,0.059,9.2,126.2,4,,,
Ernakulam,Ernakulam,Banana - Green,Other,25-11-2010,83.6,31.9,75.5,70.8,86,0.016,6.5,105.8,4,,,
Ernakulam,Ernakulam,Banana - Green,Other,26-11-2010,83.8,74.6,78.3,73.7,86,0.197,7.6,103.6,4,2200,2400,2300
Ernakulam,Ernakulam,Banana - Green,Other,27-11-2010,84.3,73.3,78.9,73.9,85.1,0.197,9.2,110.7,4,,,
Ernakulam,Ernakulam,Banana - Green,Other,28-11-2010,82.3,74.9,79.6,73.5,81.9,0.031,6.4,155.5,7,,,
Ernakulam,Ernakulam,Banana - Green,Other,29-11-2010,88.1,75.2,81.2,73.8,78.9,0.008,9.2,165.5,6,2300,2500,2400
Ernakulam,Ernakulam,Banana - Green,Other,30-11-2010,87.9,76.9,81.5,73.1,76.4,0.008,10.3,234.3,8,,,
Ernakulam,Ernakulam,Banana - Green,Other,01-12-2010,85.3,75.1,79.1,73.6,83.9,0.031,6.5,96.3,3,,,
Ernakulam,Ernakulam,Banana - Green,Other,02-12-2010,87.7,74.9,79.7,73.8,82.9,0.079,9.2,190.5,7,,,
Ernakulam,Ernakulam,Banana - Green,Other,03-12-2010,84.1,73.3,79,74.2,85.5,0.12,10.9,104.5,4,2200,2400,2300
Ernakulam,Ernakulam,Banana - Green,Other,04-12-2010,87.7,76.4,81.2,72.7,75.9,0.012,9.2,119.7,4,,,
Ernakulam,Ernakulam,Banana - Green,Other,05-12-2010,86.6,73.3,79.6,72.8,80.3,0.032,8.5,101.9,4,,,
Ernakulam,Ernakulam,Banana - Green,Other,06-12-2010,88.3,75.1,80.4,71.9,76.2,0,9.8,185.2,7,1800,2000,1900
Ernakulam,Ernakulam,Banana - Green,Other,07-12-2010,89.5,73.3,80.8,72.5,76.8,0.126,9.2,182.7,7,,,
Ernakulam,Ernakulam,Banana - Green,Other,08-12-2010,84.1,73.3,79.4,73.9,83.5,0.354,8.9,127.9,4,,,
Ernakulam,Ernakulam,Banana - Green,Other,09-12-2010,87.7,74.5,81,72.6,77.5,0.036,16.8,127.1,5,,,
Ernakulam,Ernakulam,Banana - Green,Other,10-12-2010,87.7,75.1,80,73.2,80.8,0.008,11.4,202.1,7,1500,1900,1800
Ernakulam,Ernakulam,Banana - Green,Other,11-12-2010,84.9,75.1,79,73.4,83.2,0.068,11.4,208,8,,,
Ernakulam,Ernakulam,Banana - Green,Other,12-12-2010,87.2,74.6,79.5,72.5,79.8,0.012,15,200.6,7,,,
Ernakulam,Ernakulam,Banana - Green,Other,13-12-2010,87.7,72.2,79.1,70.5,75.7,0,11.4,255.9,9,1700,1900,1800
Ernakulam,Ernakulam,Banana - Green,Other,14-12-2010,86.3,73.3,79.8,70.6,74.3,0,11.4,227.9,8,,,
Ernakulam,Ernakulam,Banana - Green,Other,15-12-2010,89.5,73.3,80.7,71.6,74.6,0.04,13.9,197.9,7,,,
Ernakulam,Ernakulam,Banana - Green,Other,16-12-2010,85.9,75.1,79.1,73.9,84.6,0.433,11.1,204.8,8,,,
Ernakulam,Ernakulam,Banana - Green,Other,17-12-2010,87.7,73.3,79.5,73.7,83.1,0.827,11.4,187.5,7,1500,1700,1600
Ernakulam,Ernakulam,Banana - Green,Other,18-12-2010,91.3,73.3,80.1,74.2,83.1,0.433,9.2,125.2,5,,,
Ernakulam,Ernakulam,Banana - Green,Other,19-12-2010,87.7,73.3,80.5,71.1,74.3,0.02,10.1,243.9,9,,,
Ernakulam,Ernakulam,Banana - Green,Other,20-12-2010,89.5,75.8,81.9,71.6,71.5,0,13.9,253.9,9,1500,1700,1600
Ernakulam,Ernakulam,Banana - Green,Other,21-12-2010,91.3,73.3,81.6,73.4,76.9,0,11.4,206,8,,,
Ernakulam,Ernakulam,Banana - Green,Other,22-12-2010,91.3,71.5,80.6,70.9,73.8,0,10.7,236.8,8,,,
Ernakulam,Ernakulam,Banana - Green,Other,23-12-2010,89.5,71.5,80.2,71.1,74.3,0,11.4,221.8,7,,,
Ernakulam,Ernakulam,Banana - Green,Other,24-12-2010,89.5,73.3,80.4,70.7,73.3,0,8.7,164.9,6,,,
Ernakulam,Ernakulam,Banana - Green,Other,25-12-2010,86.7,67.9,79.1,69.7,73.9,0,9.2,191.3,7,,,
Ernakulam,Ernakulam,Banana - Green,Other,26-12-2010,87.7,71.5,79.3,70.9,76.2,0,11,186.5,7,,,
Ernakulam,Ernakulam,Banana - Green,Other,27-12-2010,89.5,69.7,80,71.8,76.8,0,11.4,225.7,8,1500,1700,1600
Ernakulam,Ernakulam,Banana - Green,Other,28-12-2010,87.7,69.7,79.5,70.1,74,0,8.7,226.7,8,,,
Ernakulam,Ernakulam,Banana - Green,Other,29-12-2010,112.9,73.3,82.1,70.5,70.2,0,10.9,122.1,4,,,
Ernakulam,Ernakulam,Banana - Green,Other,30-12-2010,93.1,73.3,81.1,71.5,73.7,0,10.3,207.3,7,,,
Ernakulam,Ernakulam,Banana - Green,Other,31-12-2010,91.3,75.5,81.1,72.8,77.1,0.276,9.2,95.3,4,1700,1900,1800
